objectname,objectid,rating,numplays,weight,own,fortrade,want,wanttobuy,wanttoplay,prevowned,preordered,wishlist,wishlistpriority,wishlistcomment,comment,conditiontext,haspartslist,wantpartslist,collid,baverage,average,avgweight,rank,numowned,objecttype,originalname,minplayers,maxplayers,playingtime,maxplaytime,minplaytime,yearpublished,bggrecplayers,bggbestplayers,bggrecagerange,bgglanguagedependence,publisherid,imageid,year,language,other,itemtype,barcode,pricepaid,pp_currency,currvalue,cv_currency,acquisitiondate,acquiredfrom,quantity,privatecomment,invlocation,invdate,version_publishers,version_languages,version_yearpublished,version_nickname
"3 Ring Circus","371947","0","0","0","1","0","0","0","0","0","0","0","3","","","","","","130823024","6.39797","7.16374","2.7479","1591","6460","thing","3 Ring Circus","1","4","75","75","45","2024","1,2,3,4","3","12+","No necessary in-game text","","","","","","standalone","","","","","","","","","","Bureau","2025-09-07","Devir; IELLO","French","2024","French edition"
"300: La Terre et L'Eau","267058","0","0","0","1","0","0","0","0","0","0","0","3","","","","","","140255841","6.14637","7.35881","2.3774","2446","2692","thing","300: Earth & Water","2","2","40","40","40","2021","2","2","12+","Extensive use of text - massive conversion needed to be playable","","","","","","standalone","","","","","","","","","","","","Nuts! Publishing","French","2021","French edition"
"6 qui Surprend","268586","0","1","0","1","0","0","0","0","0","0","0","3","Revanche","","","","","82031921","6.4849","7.24987","1.2222","1365","7421","thing","6 nimmt! 25 Jahre","2","10","45","45","45","2019","3,4,5,6,7,8","4,5,6","8+","No necessary in-game text","","","","","","standalone","","","","","","","","","","","","Gigamic","French","2019","French edition"
"7 Wonders","68448","7","17","0","1","0","0","0","0","0","0","0","3","","","","","","13246413","7.54803","7.66201","2.3142","118","156265","thing","7 Wonders","2","7","30","30","30","2010","3,4,5,6,7","4,5","10+","No necessary in-game text","","","","","","standalone","","","","","","","","","","B6","2025-09-07","Repos Production","French","2010","Repos French first edition"
"7 Wonders: Armada","247315","0","0","0","1","0","0","0","0","0","0","0","3","LA Revanche","","","","","51701365","6.8043","7.95927","2.7344","0","10827","thing","7 Wonders: Armada","3","7","40","40","40","2018","3,4,5,6,7","5","10+","No necessary in-game text","","","","","","expansion","","","","","","","","","","A2","2021-07-11","Repos Production","French","2018","French edition"
"7 Wonders: Babel","154638","0","0","0","1","0","0","0","0","0","0","0","1","","","","","","25842668","6.33032","6.83934","2.6525","0","15227","thing","7 Wonders: Babel","2","7","45","45","45","2014","3,4,5,6,7","5","10+","No necessary in-game text","","","","","","expansion","","","","","","","","","","","","","","",""
"7 Wonders: Catan","110308","0","0","0","1","0","0","0","0","0","0","0","1","","","","","","14127220","6.18787","7.09804","1.9359","0","6885","thing","7 Wonders: Catan","2","7","30","30","30","2011","2,3,4,5,6,7","4,5","10+","No necessary in-game text","","","","","","expansion","","","","","","","","","","","","","","",""
"7 Wonders: Cities","111661","0","0","0","1","0","0","0","0","0","0","0","1","","","","","","14694074","7.34971","7.79615","2.343","0","32046","thing","7 Wonders: Cities","2","8","40","40","40","2012","3,4,5,6,7,8","4,5","10+","No necessary in-game text","","","","","","expansion","","","","","","","","","","","","","","",""
"7 Wonders: Leaders","92539","0","0","0","1","0","0","0","0","0","0","0","1","","","","","","15539127","7.45965","7.81315","2.2742","0","37421","thing","7 Wonders: Leaders","2","7","40","40","40","2011","3,4,5,6,7","4,5","10+","No necessary in-game text","","","","","","expansion","","","","","","","","","","","","","","",""
"7 Wonders: Leaders – Louis","127838","0","0","0","1","0","0","0","0","0","0","0","3","","","","","","16568337","5.90305","6.93752","1.9545","0","4885","thing","7 Wonders: Leaders – Louis","2","7","40","40","40","2012","2,3,4,5,6,7","4,5","8+","No necessary in-game text","","","","","","expansion","","","","","","","","","","","","","","",""
"7 Wonders: Leaders – Wil Promo Card","156119","0","0","0","1","0","0","0","0","0","0","0","1","","","","","","28018794","5.73505","6.88053","2.1667","0","3211","thing","7 Wonders: Leaders – Wil Promo Card","2","7","40","40","40","2014","3,4,5,6,7","4,5","14+","No necessary in-game text","","","","","","expansion","","","","","","","","","","","","","","",""
"7 Wonders: Manneken Pis","83445","0","0","0","1","0","0","0","0","0","0","0","3","","","","","","13246412","6.08917","6.77104","1.9681","0","6185","thing","7 Wonders: Manneken Pis","2","7","30","30","30","2010","3,4,5,6,7","3,4,5","10+","No necessary in-game text","","","","","","expansion","","","","","","","","","Mat","","","","","",""
"7 Wonders: Wonder Pack","133993","0","0","0","1","0","0","0","0","0","0","0","1","","","","","","17716712","6.94537","7.58498","2.2563","0","18215","thing","7 Wonders: Wonder Pack","2","7","30","30","30","2013","3,4,5,6,7","4","10+","No necessary in-game text","","","","","","expansion","","","","","","","","","","","","Repos Production","English; French; German; Spanish","2013","English/French/German/Spanish edition"
"À la Recherche de la Planète X","279537","8.5","3","0","1","0","0","0","0","0","0","0","3","","","","","","74473863","7.55015","7.89555","2.433","116","27035","thing","The Search for Planet X","1","4","75","75","60","2021","1,2,3,4","2,3","12+","Extensive use of text - massive conversion needed to be playable","","","","","","standalone","","","","","","","","","","A1","2025-09-07","Foxtrot Games; Lucky Duck Games; Renegade Game Studios","French","2021","French edition"
"Abyss","155987","7.5","1","0","1","0","0","0","0","0","0","0","1","","","","","","109916890","7.05696","7.32217","2.3199","440","21923","thing","Abyss","2","4","60","60","30","2014","2,3,4","4","10+","Moderate in-game text - needs crib sheet or paste ups","","","","","","standalone","","","","","","","","","","A5","2025-09-07","","","",""
"Abyss: Leviathan","232197","0","0","0","1","0","0","0","0","0","0","0","3","","","","","","103615335","6.4791","8.0111","2.4231","0","5885","thing","Abyss: Leviathan","2","5","60","60","30","2018","2,3,4,5","3,4","12+","Moderate in-game text - needs crib sheet or paste ups","","","","","","expansion","","","","","","","","","","","","Bombyx","French","2018","French edition"
"Aeon's End","191189","8.5","0","0","1","0","0","0","0","0","0","0","3","EspaceJeux.tv","","","","","71331416","7.57843","7.86262","2.8014","108","34885","thing","Aeon's End","1","4","60","60","60","2018","1,2,3,4","2","12+","Extensive use of text - massive conversion needed to be playable","","","","","","standalone","","","","","","","","","","","","Matagot","French","2018","French first edition"
"After the Empire: Solo Mode","372725","0","0","0","1","0","0","0","0","0","0","0","3","","","","","","99711466","0","8.06818","0","0","321","thing","After the Empire: Solo Mode","1","1","120","120","60","2023","","","","No necessary in-game text","","","","","","expansion","","","","","","","","","","","","Grey Fox Games","English","2023","English edition"
"Age of Rail: South Africa – Expansion Maps: Allegheny & La Pampa","430518","0","0","0","1","0","0","0","0","0","0","0","3","","","","","","125096515","5.53821","7.45333","3.5","0","605","thing","Age of Rail: South Africa – Expansion Maps: Allegheny & La Pampa","3","6","60","60","60","2025","3,4,5,6","4,5","","","","","","","","expansion","","","","","","","","","","","","Capstone Games","English","2025","English edition"
"Age of Steam Deluxe Expansion: Detroit Bankruptcy & Heavy Cardboard Maps","303949","0","0","0","1","0","0","0","0","0","0","0","1","EGG Store","","","","","78095728","5.57282","8.1","4","0","547","thing","Age of Steam Deluxe Expansion: Detroit Bankruptcy & Heavy Cardboard Maps","1","6","180","180","120","2020","3,4,5","4,5","","No necessary in-game text","","","","","","expansion","","","","","","","","","","","","","","",""
"Age of Steam Deluxe Expansion: Hungary & Finland Maps","294765","0","0","0","1","0","0","0","0","0","0","0","3","EGG","","","","","74943505","5.58324","7.90123","4","0","752","thing","Age of Steam Deluxe Expansion: Hungary & Finland Maps","3","6","180","180","120","2019","4,5,6","5","14+","No necessary in-game text","","","","","","expansion","","","","","","","","","","","","Eagle-Gryphon Games","English","2019","English edition"
"Age of Steam Deluxe Expansion: New England/Pittsburgh & Switzerland Maps","294606","0","0","0","1","0","0","0","0","0","0","0","3","EGG","","","","","74943516","5.62188","8.32379","3.5","0","753","thing","Age of Steam Deluxe Expansion: New England/Pittsburgh & Switzerland Maps","3","6","180","180","120","2019","2,3,4","2,3","14+","No necessary in-game text","","","","","","expansion","","","","","","","","","","","","Eagle-Gryphon Games","English","2019","English edition"
"Age of Steam Deluxe: Expansion Volume V","444517","0","0","0","1","0","0","0","0","0","1","0","3","Kickstarter","","","","","134751207","0","6.875","0","0","44","thing","Age of Steam Deluxe: Expansion Volume V","1","6","120","120","0","2026","","","","","","","","","","expansion","","","","","","","","","","","","Eagle-Gryphon Games","English","2026","English edition"
"Age of Steam: Deluxe Edition","4098","9","0","0","1","0","0","0","0","0","0","0","3","BoardGameBliss","","","","","58959515","7.49138","7.87141","3.8548","139","14230","thing","Age of Steam","1","6","120","120","120","2019","3,4,5,6","4,5","14+","Some necessary text - easily memorized or small crib sheet","","","","","","standalone","","","","","","","","","","B6","2025-09-07","Eagle-Gryphon Games","English","2019","English first edition"
"Age of Steam: Deluxe Expansion – France & Poland Maps","297784","0","0","0","1","0","0","0","0","0","0","0","3","EGG","","","","","74943508","5.60112","8.13556","3.6667","0","730","thing","Age of Steam: Deluxe Expansion – France & Poland Maps","3","6","180","180","120","2019","3,4,5","4","12+","No necessary in-game text","","","","","","expansion","","","","","","","","","","","","Eagle-Gryphon Games","English","2019","English edition"
"Agricola: All Creatures Big and Small – Even More Buildings Big and Small","145355","0","0","0","1","0","0","0","0","0","0","0","1","","","","","","55450373","6.16655","7.70126","2.5","0","3537","thing","Agricola: All Creatures Big and Small – Even More Buildings Big and Small","2","2","30","30","30","2013","2","2","10+","Moderate in-game text - needs crib sheet or paste ups","","","","","","expansion","","","","","","","","","","","","","","",""
"Agricola: Terres d'Élevage","119890","0","2","0","1","0","0","0","0","0","0","0","3","","","","","","15455821","7.04117","7.32325","2.3524","460","20854","thing","Agricola: All Creatures Big and Small","2","2","30","30","30","2012","2","2","10+","Some necessary text - easily memorized or small crib sheet","","","","","","standalone","","","","","","","","","","C2","2025-09-07","","","",""
"Agricola: Terres d'élevage – Bâtiments de ferme","130752","0","0","0","1","0","0","0","0","0","0","0","1","","","","","","55450371","6.48035","7.66803","2.3146","0","5789","thing","Agricola: All Creatures Big and Small – More Buildings Big and Small","2","2","30","30","30","2012","2","2","10+","Moderate in-game text - needs crib sheet or paste ups","","","","","","expansion","","","","","","","","","","","","Filosofia Éditions","French","2012","French edition"
"Agropolis","314088","7","0","0","1","0","0","0","0","0","0","0","3","Kickstarter","","","","","75237021","6.45527","7.25016","1.7568","1435","9283","thing","Agropolis","1","4","20","20","15","2021","1,2","1","8+","Some necessary text - easily memorized or small crib sheet","","","","","","standalone","","","","","","","","","","","","Button Shy","English","2021","English Wallet edition"
"Agropolis: Invasion","321696","7","0","0","1","0","0","0","0","0","0","0","3","Kickstarter","","","","","75237037","5.61538","6.69003","1.3333","0","3112","thing","Agropolis: Invasion","1","4","20","20","15","2021","1,2","1","8+","","","","","","","expansion","","","","","","","","","","","","Button Shy","English","2021","English Sleeve edition"
"Agropolis: Points of Interest","321697","7","0","0","1","0","0","0","0","0","0","0","3","Kickstarter","","","","","75237053","5.63237","6.85582","1.4","0","2705","thing","Agropolis: Points of Interest","1","4","20","20","15","2021","1,2","1","8+","","","","","","","expansion","","","","","","","","","","","","Button Shy","English","2021","English Sleeve edition"
"Águeda: City of Umbrellas","317515","0","0","0","1","0","0","0","0","0","0","0","3","Gamefound","","","","","120325771","5.73734","6.86834","1.7059","5637","1399","thing","Águeda: City of Umbrellas","1","5","40","40","20","2024","1,2,3,4","3,4","","Some necessary text - easily memorized or small crib sheet","","","","","","standalone","","","","","","","","","","","","25th Century Games","English; Portuguese","2024","English/Portuguese edition"
"Airlines Europe","90419","8","1","0","1","0","0","0","0","0","0","0","1","","","","","","14181772","6.85496","7.29347","2.4318","683","8420","thing","Airlines Europe","2","5","75","75","75","2011","3,4,5","4","10+","No necessary in-game text","","","","","","standalone","","","","","","","","","","","","Filosofia Éditions","French","2011","French first edition"
"Airlines Europe: Flight Ban","107820","0","0","0","1","0","0","0","0","0","0","0","3","","","","","","13770388","5.56516","6.59073","2.375","0","836","thing","Airlines Europe: Flight Ban","2","5","75","75","0","2011","2,3,4,5","4","","No necessary in-game text","","","","","","expansion","","","","","","","","","","","","","","",""
"Airlines Europe: New Bonus Connections","123504","0","0","0","1","0","0","0","0","0","0","0","1","","","","","","72705540","5.62404","7.28286","2.25","0","817","thing","Airlines Europe: New Bonus Connections","2","5","75","75","75","2012","2,3,4,5","4","","No necessary in-game text","","","","","","expansion","","","","","","","","","","","","","","",""
"Airlines Europe: The Presidents","130814","0","0","0","1","0","0","0","0","0","0","0","1","","","","","","72705541","5.59762","7.02519","2.7143","0","834","thing","Airlines Europe: The Presidents","2","5","75","75","75","2012","2,3,4,5","4","","No necessary in-game text","","","","","","expansion","","","","","","","","","","","","","","",""
"Akropolis","357563","0","2","0","1","0","0","0","0","0","0","0","3","","","","","","103896871","7.04751","7.44504","1.8021","453","15033","thing","Akropolis","1","4","30","30","20","2022","2,3,4","3","8+","No necessary in-game text","","","","","","standalone","","","","","","","","","","A1","2025-09-07","Gigamic","French","2022","French edition"
"Akropolis: Athena","422822","0","0","0","1","0","0","0","0","0","0","0","3","","","","","","127638808","5.90241","7.73356","2.3","0","2696","thing","Akropolis: Athena","1","4","25","25","25","2024","2,3,4","3,4","8+","Moderate in-game text - needs crib sheet or paste ups","","","","","","expansion","","","","","","","","","","","","Gigamic","French","2024","French edition"
"Akropolis: Athena Promo Cards","430908","0","0","0","1","0","0","0","0","0","0","0","3","","","","","","140127243","0","7.71429","2","0","322","thing","Akropolis: Athena Promo Cards","1","4","0","0","0","2024","1,2,3,4","3","","","","","","","","expansion","","","","","","","","","","","","Gigamic","English","2024","English edition"
"Algae, Inc.","403683","0","0","0","1","0","0","0","0","0","0","0","3","Gamefound","","","","","120152243","5.88765","7.86887","4.25","3986","1263","thing","Algae, Inc.","1","4","120","120","90","2024","1,2,3,4","1,2","14","No necessary in-game text","","","","","","standalone","","","","","","","","","","A5","2025-09-07","Game Brewer","English","2024","English edition"
"Alien Frontiers: Aurora","48726","8","0","0","1","0","0","0","0","0","0","0","3","","","","","","14166634","7.07848","7.33861","2.5647","413","15909","thing","Alien Frontiers","2","4","90","90","90","2015","2,3,4","3,4","10+","Moderate in-game text - needs crib sheet or paste ups","","","","","","standalone","","","","","","","","","","A1","2025-09-07","LocWorks","French","2015","French first edition"
"Alien Frontiers: Expansion Pack #1","161118","0","0","0","1","0","0","0","0","0","0","0","1","","","","","","26724743","5.63882","7.30639","2.4444","0","1748","thing","Alien Frontiers: Expansion Pack #1","2","4","90","90","90","2015","2,3,4","4","","","","","","","","expansion","","","","","","","","","","","","","","",""
"Alien Frontiers: Expansion Pack #2","161120","0","0","0","1","0","0","0","0","0","0","0","1","","","","","","26724748","5.62334","7.27399","2.4444","0","1708","thing","Alien Frontiers: Expansion Pack #2","2","4","90","90","90","2015","2,3,4","4","","","","","","","","expansion","","","","","","","","","","","","","","",""
"Alien Frontiers: Expansion Pack #3","161121","0","0","0","1","0","0","0","0","0","0","0","1","","","","","","26724752","5.62417","7.31508","2.4444","0","1657","thing","Alien Frontiers: Expansion Pack #3","2","4","90","90","90","2015","2,3,4","4","","","","","","","","expansion","","","","","","","","","","","","","","",""
"Alien Frontiers: Expansion Pack #4","161122","0","0","0","1","0","0","0","0","0","0","0","1","","","","","","26724754","5.62092","7.26102","2.375","0","1674","thing","Alien Frontiers: Expansion Pack #4","2","4","90","90","90","2015","2,3,4","4","","","","","","","","expansion","","","","","","","","","","","","","","",""
"Alien Frontiers: Expansion Pack #5","161123","0","0","0","1","0","0","0","0","0","0","0","1","","","","","","26724753","5.61803","7.23889","2.2857","0","1659","thing","Alien Frontiers: Expansion Pack #5","2","4","90","90","90","2015","2,3,4","4","","","","","","","","expansion","","","","","","","","","","","","","","",""
"Alien Frontiers: Expansion Pack #6","161124","0","0","0","1","0","0","0","0","0","0","0","1","","","","","","26724747","5.61202","7.23693","2.2857","0","1620","thing","Alien Frontiers: Expansion Pack #6","2","4","90","90","90","2015","2,3,4","4","","","","","","","","expansion","","","","","","","","","","","","","","",""
"Alien Frontiers: Expansion Pack #7","171857","0","0","0","1","0","0","0","0","0","0","0","3","","","","","","41888607","5.59253","7.33086","2.25","0","1179","thing","Alien Frontiers: Expansion Pack #7","2","6","90","0","90","2015","2,3,4,5,6","4","","","","","","","","expansion","","","","","","","","","","","","","","",""
"Alien Frontiers: Faction Pack #1","107407","0","0","0","1","0","0","0","0","0","0","0","1","","","","","","15866736","5.85","7.33945","2.1875","0","2842","thing","Alien Frontiers: Faction Pack #1","2","5","90","90","90","2012","3,4","3,4","10+","Some necessary text - easily memorized or small crib sheet","","","","","","expansion","","","","","","","","","","","","Clever Mojo Games","English","2012","English first edition"
"Alien Frontiers: Faction Pack #2","142647","0","0","0","1","0","0","0","0","0","0","0","1","","","","","","19216010","5.62375","7.47281","3","0","1549","thing","Alien Frontiers: Faction Pack #2","2","5","90","0","90","2014","","","","Extensive use of text - massive conversion needed to be playable","","","","","","expansion","","","","","","","","","","","","","","",""
"Alien Frontiers: Faction Pack #3","142648","0","0","0","1","0","0","0","0","0","0","0","1","","","","","","19216014","5.61867","7.52634","2.4","0","1495","thing","Alien Frontiers: Faction Pack #3","2","5","90","0","90","2015","","","","Extensive use of text - massive conversion needed to be playable","","","","","","expansion","","","","","","","","","","","","","","",""
"Alien Frontiers: Faction Pack #4","142649","0","0","0","1","0","0","0","0","0","0","0","1","","","","","","19216012","5.6127","7.54653","2.6","0","1440","thing","Alien Frontiers: Faction Pack #4","2","5","0","0","0","2014","","","","Extensive use of text - massive conversion needed to be playable","","","","","","expansion","","","","","","","","","","","","","","",""
"Alien Frontiers: Factions","93193","0","0","0","1","0","0","0","0","0","0","0","1","","","","","","15866734","6.33237","7.6066","2.4789","0","5110","thing","Alien Frontiers: Factions","2","5","60","60","60","2012","2,3,4","3,4","10+","Moderate in-game text - needs crib sheet or paste ups","","","","","","expansion","","","","","","","","","","","","Clever Mojo Games","English","2012","English first edition"
"Alien Frontiers: Matter Extractor","85964","0","0","0","1","0","0","0","0","0","0","0","1","","","","","","19216003","5.56469","6.87439","2.1667","0","522","thing","Alien Frontiers: Matter Extractor","2","4","60","60","60","2010","2,3,4","3,4","12+","Moderate in-game text - needs crib sheet or paste ups","","","","","","expansion","","","","","","","","","","","","","","",""
"Alien Frontiers: Mercury's Angels Faction","258320","0","0","0","1","0","0","0","0","0","0","0","1","","","","","","72181002","0","7.48148","0","0","350","thing","Alien Frontiers: Mercury's Angels Faction","2","4","60","60","60","2019","","","","","","","","","","expansion","","","","","","","","","","","","","","",""
"Alien Frontiers: Outer Belt","70647","0","0","0","1","0","0","0","0","0","0","0","3","","","","","","17055645","5.82279","7.35681","2.6","0","2334","thing","Alien Frontiers: Outer Belt","2","6","60","60","60","2014","2,3,4,5","3,4","10+","Moderate in-game text - needs crib sheet or paste ups","","","","","","expansion","","","","","","","","","","","","","","",""
"Alien Frontiers: Promo Pack 2017","218518","0","0","0","1","0","0","0","0","0","0","0","3","","","","","","41888697","5.55273","7.42404","3","0","730","thing","Alien Frontiers: Promo Pack 2017","2","6","90","90","90","2017","2,3,4,5,6","4","10+","","","","","","","expansion","","","","","","","","","","","","","","",""
"Alien Frontiers: The Mind Control Helmet","88282","0","0","0","1","0","0","0","0","0","0","0","1","","","","","","19216007","5.74904","7.10302","2.2632","0","1430","thing","Alien Frontiers: The Mind Control Helmet","2","4","60","60","60","2011","2,3,4","4","10+","Moderate in-game text - needs crib sheet or paste ups","","","","","","expansion","","","","","","","","","","","","Clever Mojo Games","English","2011","Clever Mojo promotional edition"
"Alma Mater","299960","0","0","0","1","0","0","0","0","0","0","0","3","Revanche","","","","","68291774","6.5329","7.25825","3.7413","1246","7627","thing","Alma Mater","2","4","150","150","90","2020","2,3,4","4","14+","Some necessary text - easily memorized or small crib sheet","","","","","","standalone","","","","","","","","","","A4","2025-09-07","","","",""
"Altered","397393","6.5","0","0","1","0","0","0","0","0","0","0","3","Kickstarter","","","","","109293842","6.12931","7.59005","2.7021","2526","1972","thing","Altered","2","4","40","40","10","2024","2,4","2","10+","Moderate in-game text - needs crib sheet or paste ups","","","","","","standalone","","","","","","","","","","","","Equinox","French","2024","French edition"
"Altiplano","234487","8","0","0","1","0","0","0","0","0","0","0","3","","","","","","47175247","7.01973","7.42423","3.2936","481","12853","thing","Altiplano","2","5","120","120","60","2018","2,3,4","3","12+","No necessary in-game text","","","","","","standalone","","","","","","","","","","","","Pixie Games","French","2018","French edition"
"Amalfi: Renaissance","351594","0","0","0","1","0","0","0","0","0","0","0","3","Lilojeux","","","","","104640908","6.28558","7.65955","3.2969","1927","2112","thing","Amalfi: Renaissance","1","4","120","120","60","2023","1,2,3,4","3","12+","Moderate in-game text - needs crib sheet or paste ups","","","","","","standalone","","","","","","","","","","","","Sylex","French","2023","French edition"
"Amun-Re: 20th Anniversary Edition","354568","8","0","0","1","0","0","0","0","0","0","0","3","BGBliss","","","","","107660020","6.06678","7.47163","2.9333","2832","2413","thing","Amun-Re: 20th Anniversary Edition","2","5","90","90","90","2023","3,4,5","5","10+","No necessary in-game text","","","","","","standalone","","","","","","","","","","A5","2025-09-07","Alley Cat Games","English","2023","Retail edition"
"Amygdala","360879","7.8","0","0","1","0","0","0","0","0","0","0","3","Gamefound","","","","","97172479","5.62257","6.65887","2.9091","8398","721","thing","Amygdala","2","4","90","90","60","2023","2,3,4","2,3","12+","No necessary in-game text","","","","","","standalone","","","","","","","","","","B6","2025-09-07","Game Brewer","Dutch; English; French; German","2023","Multilingual deluxe edition"
"Anachrony","185343","10","3","0","1","0","0","0","0","0","0","0","1","","","","","","42486587","7.73066","8.03859","3.9975","61","27334","thing","Anachrony","1","4","120","120","30","2017","1,2,3,4","3","14+","No necessary in-game text","","","","","","standalone","","","","","","","","","","","","Mindclash Games","English; French; German","2017","English/French/German regular edition"
"Anachrony: Doomsday Enhancement Pack","211238","0","0","0","1","0","0","0","0","0","0","0","1","Kickstarter","","","","","59922101","5.8207","8.02362","3.625","0","3091","thing","Anachrony: Doomsday Enhancement Pack","1","4","120","120","60","2017","2,3,4","3","12+","No necessary in-game text","","","","","","expansion","","","","","","","","","","","","","","",""
"Anachrony: Exosuit Commander Pack","218791","0","0","0","1","0","0","0","0","0","0","0","1","","","","","","43599757","6.83674","8.5346","3.6667","0","8608","thing","Anachrony: Exosuit Commander Pack","1","4","120","120","60","2017","2,3,4","3","12+","No necessary in-game text","","","","","","expansion","","","","","","","","","","","","","","",""
"Anachrony: Fractures of Time","272077","0","0","0","1","0","0","0","0","0","0","0","1","Kickstarter","","","","","58714040","6.62182","8.83027","4.5222","0","7180","thing","Anachrony: Fractures of Time","1","4","150","150","90","2020","1,2,3,4","3","16+","No necessary in-game text","","","","","","expansion","","","","","","","","","","","","","","",""
"Anachrony: Future Imperfect","286574","0","0","0","1","0","0","0","0","0","0","0","3","Kickstarter","","","","","75236703","5.98891","8.5804","4.0667","0","4581","thing","Anachrony: Future Imperfect","2","4","150","150","90","2020","1,2,3,4","3","","","","","","","","expansion","","","","","","","","","","","","Mindclash Games","English; German","2020","English/German edition"
"Anachrony: The Board Game Spotlight Promos","283833","0","0","0","1","0","0","0","0","0","0","0","3","Kickstarter","","","","","75236718","5.57718","8.24097","3.3333","0","863","thing","Anachrony: The Board Game Spotlight Promos","1","4","120","120","30","2020","2,3,4","3","12+","No necessary in-game text","","","","","","expansion","","","","","","","","","","","","Mindclash Games","English","2020","English edition"
"Anachrony: The Secret Cabal 2019 Promo Cards","283832","0","0","0","1","0","0","0","0","0","0","0","3","Kickstarter","","","","","75236713","5.57375","8.40539","4","0","772","thing","Anachrony: The Secret Cabal 2019 Promo Cards","1","4","120","120","30","2020","2,3,4","3","12+","No necessary in-game text","","","","","","expansion","","","","","","","","","","","","Mindclash Games","English","2020","English edition"
"Anachrony: The Sentry Post","266237","0","0","0","1","0","0","0","0","0","0","0","1","","","","","","57099186","5.59106","8.1546","3.75","0","1095","thing","Anachrony: The Sentry Post","1","4","120","120","30","2018","","","","","","","","","","expansion","","","","","","","","","","","","","","",""
"Ancient Knowledge","338093","8.5","2","0","1","0","0","0","0","0","0","0","3","","","","","","106189040","6.46237","7.12214","2.7077","1420","5387","thing","Ancient Knowledge","2","4","75","75","75","2023","2,3","2","12+","Extensive use of text - massive conversion needed to be playable","","","","","","standalone","","","","","","","","","","B3","2025-09-07","IELLO","French","2023","French edition"
"Ancient Knowledge: Heritage","404354","0","0","0","1","0","0","0","0","0","0","0","3","","","","","","140472782","5.67211","7.80287","2.4444","0","1299","thing","Ancient Knowledge: Heritage","1","4","120","120","30","2024","1,2,3","1","","Moderate in-game text - needs crib sheet or paste ups","","","","","","expansion","","","","","","","","","","","","IELLO","French","2024","French edition"
"Ancient Knowledge: Promo Card Pack #2","430905","0","0","0","1","0","0","0","0","0","0","0","3","","","","","","141331911","0","8","0","0","18","thing","Ancient Knowledge: Promo Card Pack #2","1","4","0","0","0","2024","","","","","","","","","","expansion","","","","","","","","","","","","IELLO","English","2024","English edition"
"Ancient Knowledge: Promo Cards","402854","0","0","0","1","0","0","0","0","0","0","0","3","","","","","","140472650","5.52842","7.20122","3","0","346","thing","Ancient Knowledge: Promo Cards","2","4","75","75","75","2023","","","","","","","","","","expansion","","","","","","","","","","","","IELLO","English","2023","English edition"
"Android: Netrunner","124742","9","0","0","1","0","0","0","0","0","0","0","3","","","","","","15837261","7.65204","7.89227","3.4151","85","47392","thing","Android: Netrunner","2","2","45","45","45","2013","2","2","12+","Extensive use of text - massive conversion needed to be playable","","","","","","standalone","","","","","","","","","","","","Edge Entertainment; Fantasy Flight Games","French","2013","French edition"
"Android: Netrunner –  Le Prix du Sang","203186","0","0","0","1","0","0","0","0","0","0","0","3","","","","","","40452877","5.6303","8.27694","0","0","1530","thing","Android: Netrunner – Blood Money","2","2","45","45","45","2016","","","","","","","","","","expansion","","","","","","","","","","","","","","",""
"Android: Netrunner –  Sur le Haricot","154544","0","0","0","1","0","0","0","0","0","0","0","1","","","","","","40452897","5.77424","8.15957","3.4545","0","2976","thing","Android: Netrunner – Upstalk","2","2","45","45","45","2014","","","","","","","","","","expansion","","","","","","","","","","","","","","",""
"Android: Netrunner – 23 Seconds","201553","0","0","0","1","0","0","0","0","0","0","0","1","","","","","","56379710","5.62823","8.16803","0","0","1593","thing","Android: Netrunner – 23 Seconds","2","2","45","45","45","2016","2","2","","","","","","","","expansion","","","","","","","","","","","","","","",""
"Android: Netrunner – Ce Qui Nous Attend","130806","0","0","0","1","0","0","0","0","0","0","0","1","","","","","","23121030","6.25233","8.11508","3.4","0","6875","thing","Android: Netrunner – What Lies Ahead","2","2","45","45","45","2013","2","2","14+","Extensive use of text - massive conversion needed to be playable","","","","","","expansion","","","","","","","","","","","","Edge Entertainment; Fantasy Flight Games","French","2013","French edition"
"Android: Netrunner – Création et Contrôle","139596","0","0","0","1","0","0","0","0","0","0","0","1","","","","","","25488138","6.2901","8.21513","3.22","0","6658","thing","Android: Netrunner – Creation and Control","2","2","45","45","45","2013","2","2","10+","Extensive use of text - massive conversion needed to be playable","","","","","","expansion","","","","","","","","","","","","","","",""
"Android: Netrunner – Data and Destiny","178866","0","0","0","1","0","0","0","0","0","0","0","1","","","","","","52177887","5.84283","8.43239","3.1429","0","2992","thing","Android: Netrunner – Data and Destiny","2","2","45","45","45","2015","2","2","12+","Extensive use of text - massive conversion needed to be playable","","","","","","expansion","","","","","","","","","","","","","","",""
"Android: Netrunner – Democracy and Dogma","186860","0","0","0","1","0","0","0","0","0","0","0","1","","","","","","56379713","5.63584","8.11778","3","0","1762","thing","Android: Netrunner – Democracy and Dogma","2","2","45","45","45","2016","","","","Extensive use of text - massive conversion needed to be playable","","","","","","expansion","","","","","","","","","","","","","","",""
"Android: Netrunner – Double Time","149085","0","0","0","1","0","0","0","0","0","0","0","1","","","","","","52177878","5.8402","8.14027","3.5882","0","3571","thing","Android: Netrunner – Double Time","2","2","45","45","45","2014","2","2","","","","","","","","expansion","","","","","","","","","","","","","","",""
"Android: Netrunner – Doutes","143694","0","0","0","1","0","0","0","0","0","0","0","1","","","","","","38971446","5.91128","8.10407","3.1739","0","4063","thing","Android: Netrunner – Second Thoughts","2","2","45","45","45","2013","","","","Extensive use of text - massive conversion needed to be playable","","","","","","expansion","","","","","","","","","","","","","","",""
"Android: Netrunner – Escalation","206988","0","0","0","1","0","0","0","0","0","0","0","1","Imaginaire","","","","","66255934","5.6218","8.32243","0","0","1494","thing","Android: Netrunner – Escalation","2","2","45","45","45","2016","","","","Moderate in-game text - needs crib sheet or paste ups","","","","","","expansion","","","","","","","","","","","","","","",""
"Android: Netrunner – Exode Cybernétique","133500","0","0","0","1","0","0","0","0","0","0","0","1","","","","","","23121032","6.17069","8.16161","3.3056","0","6030","thing","Android: Netrunner – Cyber Exodus","2","2","45","45","45","2013","2","2","12+","Extensive use of text - massive conversion needed to be playable","","","","","","expansion","","","","","","","","","","","","Edge Entertainment; Fantasy Flight Games","French","2013","French edition"
"Android: Netrunner – Fear and Loathing","147739","0","0","0","1","0","0","0","0","0","0","0","1","","","","","","52177885","5.84708","8.17101","3.4706","0","3635","thing","Android: Netrunner – Fear and Loathing","2","2","45","45","45","2014","","","","","","","","","","expansion","","","","","","","","","","","","","","",""
"Android: Netrunner – Fear the Masses","190021","0","0","0","1","0","0","0","0","0","0","0","1","Imaginaire","","","","","66255977","5.61151","8.13545","0","0","1620","thing","Android: Netrunner – Fear the Masses","2","2","45","45","45","2016","","","","Extensive use of text - massive conversion needed to be playable","","","","","","expansion","","","","","","","","","","","","","","",""
"Android: Netrunner – First Contact","157482","0","0","0","1","0","0","0","0","0","0","0","1","Imaginaire","","","","","67027761","5.74933","8.16863","3.375","0","2761","thing","Android: Netrunner – First Contact","2","2","45","45","45","2014","","","","","","","","","","expansion","","","","","","","","","","","","","","",""
"Android: Netrunner – Free Mars","225576","0","0","0","1","0","0","0","0","0","0","0","1","Imaginaire","","","","","66255970","5.59372","8.22414","0","0","1210","thing","Android: Netrunner – Free Mars","2","2","60","60","30","2017","","","","Extensive use of text - massive conversion needed to be playable","","","","","","expansion","","","","","","","","","","","","","","",""
"Android: Netrunner – Honneur et profit","152314","0","0","0","1","0","0","0","0","0","0","0","1","","","","","","25488141","6.04502","8.29293","3.25","0","4731","thing","Android: Netrunner – Honor and Profit","2","2","45","45","45","2014","2","2","10+","Extensive use of text - massive conversion needed to be playable","","","","","","expansion","","","","","","","","","","","","","","",""
"Android: Netrunner – Infimes Quantités","132005","0","0","0","1","0","0","0","0","0","0","0","1","","","","","","23121033","6.17805","8.12173","3.28","0","6095","thing","Android: Netrunner – Trace Amount","2","2","45","45","45","2013","2","2","12+","Moderate in-game text - needs crib sheet or paste ups","","","","","","expansion","","","","","","","","","","","","Edge Entertainment; Fantasy Flight Games","French","2013","French edition"
"Android: Netrunner – Intervention","206989","0","0","0","1","0","0","0","0","0","0","0","1","Imaginaire","","","","","66255939","5.61493","8.25728","0","0","1424","thing","Android: Netrunner – Intervention","2","2","45","45","45","2016","","","","Extensive use of text - massive conversion needed to be playable","","","","","","expansion","","","","","","","","","","","","","","",""
"Android: Netrunner – Kala Ghoda","180303","0","0","0","1","0","0","0","0","0","0","0","1","","","","","","80610077","5.64049","8.11748","3.5","0","1841","thing","Android: Netrunner – Kala Ghoda","2","2","45","45","45","2016","","","","Extensive use of text - massive conversion needed to be playable","","","","","","expansion","","","","","","","","","","","","","","",""
"Android: Netrunner – L'Ombre de l'Humanité","136147","0","0","0","1","0","0","0","0","0","0","0","1","","","","","","23121038","6.07573","8.15614","3.2581","0","5310","thing","Android: Netrunner – Humanity's Shadow","2","2","45","45","45","2013","2","2","10+","Extensive use of text - massive conversion needed to be playable","","","","","","expansion","","","","","","","","","","","","Edge Entertainment; Fantasy Flight Games","French","2013","French edition"
"Android: Netrunner – La Baie des Brisants","172404","0","0","0","1","0","0","0","0","0","0","0","1","","","","","","80610071","5.71378","8.2661","3.6667","0","2327","thing","Android: Netrunner – Breaker Bay","2","2","45","45","45","2015","","","","Extensive use of text - massive conversion needed to be playable","","","","","","expansion","","","","","","","","","","","","","","",""
"Android: Netrunner – La Cité de Chrome","172620","0","0","0","1","0","0","0","0","0","0","0","1","","","","","","80610067","5.68643","8.21145","3","0","2054","thing","Android: Netrunner – Chrome City","2","2","45","45","45","2015","","","","Extensive use of text - massive conversion needed to be playable","","","","","","expansion","","","","","","","","","","","","","","",""
"Android: Netrunner – La Source","162359","0","0","0","1","0","0","0","0","0","0","0","1","","","","","","80610074","5.73461","8.17544","3.75","0","2628","thing","Android: Netrunner – The Source","2","2","45","45","45","2014","","","","","","","","","","expansion","","","","","","","","","","","","","","",""
"Android: Netrunner – Les Affaires Avant Tout","182375","0","0","0","1","0","0","0","0","0","0","0","1","","","","","","80756898","5.63584","8.07101","3.3333","0","1770","thing","Android: Netrunner – Business First","2","2","45","0","45","2016","","","","Extensive use of text - massive conversion needed to be playable","","","","","","expansion","","","","","","","","","","","","","","",""
"Android: Netrunner – Mala Tempora","144640","0","0","0","1","0","0","0","0","0","0","0","1","","","","","","38971447","5.88564","8.13751","3.2632","0","3983","thing","Android: Netrunner – Mala Tempora","2","2","45","45","45","2013","","","","","","","","","","expansion","","","","","","","","","","","","","","",""
"Android: Netrunner – Martial Law","212398","0","0","0","1","0","0","0","0","0","0","0","1","Imaginaire","","","","","66255967","5.60809","8.1758","0","0","1391","thing","Android: Netrunner – Martial Law","2","2","45","45","45","2016","","","","Extensive use of text - massive conversion needed to be playable","","","","","","expansion","","","","","","","","","","","","","","",""
"Android: Netrunner – Old Hollywood","175436","0","0","0","1","0","0","0","0","0","0","0","1","Imaginaire","","","","","66255958","5.68077","8.21541","0","0","2068","thing","Android: Netrunner – Old Hollywood","2","2","45","0","45","2015","","","","Extensive use of text - massive conversion needed to be playable","","","","","","expansion","","","","","","","","","","","","","","",""
"Android: Netrunner – Order and Chaos","164314","0","0","0","1","0","0","0","0","0","0","0","1","","","","","","52177890","5.94763","8.36803","3","0","3698","thing","Android: Netrunner – Order and Chaos","2","2","45","45","45","2015","2","2","","Extensive use of text - massive conversion needed to be playable","","","","","","expansion","","","","","","","","","","","","","","",""
"Android: Netrunner – Ouvertures","142727","0","0","0","1","0","0","0","0","0","0","0","1","","","","","","38971444","5.9851","8.21844","3.4167","0","4463","thing","Android: Netrunner – Opening Moves","2","2","45","45","45","2013","","","","Unplayable in another language","","","","","","expansion","","","","","","","","","","","","","","",""
"Android: Netrunner – Quorum","212399","0","0","0","1","0","0","0","0","0","0","0","1","Imaginaire","","","","","66255973","5.60445","8.22105","0","0","1371","thing","Android: Netrunner – Quorum","2","2","45","45","45","2017","","","","Extensive use of text - massive conversion needed to be playable","","","","","","expansion","","","","","","","","","","","","","","",""
"Android: Netrunner – Salsette Island","186862","0","0","0","1","0","0","0","0","0","0","0","1","","","","","","56379715","5.62687","8.13413","0","0","1685","thing","Android: Netrunner – Salsette Island","2","2","45","45","45","2016","","","","Extensive use of text - massive conversion needed to be playable","","","","","","expansion","","","","","","","","","","","","","","",""
"Android: Netrunner – Technologies d'Avenir","137863","0","0","0","1","0","0","0","0","0","0","0","1","","","","","","23121042","6.08072","8.18725","3.3793","0","5308","thing","Android: Netrunner – Future Proof","2","2","45","45","45","2013","2","2","10+","Extensive use of text - massive conversion needed to be playable","","","","","","expansion","","","","","","","","","","","","Edge Entertainment; Fantasy Flight Games","French","2013","French edition"
"Android: Netrunner – The Liberated Mind","189314","0","0","0","1","0","0","0","0","0","0","0","1","","","","","","56379716","5.62555","8.16992","0","0","1690","thing","Android: Netrunner – The Liberated Mind","2","2","45","0","45","2016","","","","Extensive use of text - massive conversion needed to be playable","","","","","","expansion","","","","","","","","","","","","","","",""
"Android: Netrunner – The Spaces Between","156112","0","0","0","1","0","0","0","0","0","0","0","1","Imaginaire","","","","","67027738","5.76722","8.1663","3.3636","0","2879","thing","Android: Netrunner – The Spaces Between","2","2","45","45","45","2014","","","","","","","","","","expansion","","","","","","","","","","","","","","",""
"Android: Netrunner – The Underway","173909","0","0","0","1","0","0","0","0","0","0","0","1","Imaginaire","","","","","66255956","5.68541","8.274","3","0","2041","thing","Android: Netrunner – The Underway","2","2","45","45","45","2015","","","","Extensive use of text - massive conversion needed to be playable","","","","","","expansion","","","","","","","","","","","","","","",""
"Android: Netrunner – The Universe of Tomorrow","176426","0","0","0","1","0","0","0","0","0","0","0","1","Imaginaire","","","","","67027744","5.66893","8.25981","3","0","1999","thing","Android: Netrunner – The Universe of Tomorrow","2","2","45","45","45","2015","","","","Extensive use of text - massive conversion needed to be playable","","","","","","expansion","","","","","","","","","","","","","","",""
"Android: Netrunner – The Valley","168823","0","0","0","1","0","0","0","0","0","0","0","1","Imaginaire","","","","","67027754","5.70857","8.28561","3","0","2316","thing","Android: Netrunner – The Valley","2","2","45","45","45","2015","2","2","","Extensive use of text - massive conversion needed to be playable","","","","","","expansion","","","","","","","","","","","","","","",""
"Android: Netrunner – Tout ce qui Reste","160683","0","0","0","1","0","0","0","0","0","0","0","1","","","","","","80610079","5.75542","8.18854","3.5556","0","2795","thing","Android: Netrunner – All That Remains","2","2","45","45","45","2014","","","","","","","","","","expansion","","","","","","","","","","","","","","",""
"Android: Netrunner – True Colors","146243","0","0","0","1","0","0","0","0","0","0","0","1","","","","","","52177875","5.88299","8.14947","3.5","0","3966","thing","Android: Netrunner – True Colors","2","2","45","45","45","2013","","","","","","","","","","expansion","","","","","","","","","","","","","","",""
"Android: Netrunner – Une Étude en Neige","135103","0","0","0","1","0","0","0","0","0","0","0","1","","","","","","23121036","6.0822","8.06454","3.1765","0","5438","thing","Android: Netrunner – A Study in Static","2","2","45","45","45","2013","2","2","14+","Moderate in-game text - needs crib sheet or paste ups","","","","","","expansion","","","","","","","","","","","","Edge Entertainment; Fantasy Flight Games","French","2013","French edition"
"Android: Netrunner – Up and Over","159073","0","0","0","1","0","0","0","0","0","0","0","1","Imaginaire","","","","","67027735","5.75355","8.2241","3.2857","0","2711","thing","Android: Netrunner – Up and Over","2","2","45","0","45","2014","","","","","","","","","","expansion","","","","","","","","","","","","","","",""
"Anno 1800: Die Erweiterung","406856","0","0","0","1","0","0","0","0","0","0","0","3","eBay Australia 65$","","","","","124102227","5.83854","8.14861","3.2857","0","1818","thing","Anno 1800: Die Erweiterung","1","4","120","120","120","2024","1,2,3","3","12+","Some necessary text - easily memorized or small crib sheet","","","","","","expansion","","","","","","","","","","","","KOSMOS","German","2024","German edition"
"Anno 1800: The Board Game","311193","8.5","0","0","1","0","0","0","0","0","0","0","3","LaPioche","","","","","91571612","7.20682","7.69195","3.1285","296","13384","thing","Anno 1800: The Board Game","2","4","120","120","120","2021","2,3,4","3","12+","No necessary in-game text","","","","","","standalone","","","","","","","","","","","","IELLO","French","2021","French edition"
"Anno 1800: The Power of Gold Mini-Expansion","322871","0","0","0","1","0","0","0","0","0","0","0","3","","Print 'n Play","","","","91979453","5.5409","7.02844","3","0","515","thing","Anno 1800: The Power of Gold Mini-Expansion","2","4","120","120","120","2022","2,3,4","3","12+","No necessary in-game text","","","","","","expansion","","","","","","","","","","","","KOSMOS","English","2022","English edition"
"Les Apaches de Paris","340030","8","0","0","1","0","0","0","0","0","0","0","3","Philibert","","","","","109662955","5.5377","7.42463","2","15112","112","thing","Les Apaches de Paris","2","4","60","60","40","2021","2,3,4","3,4","","No necessary in-game text","","","","","","standalone","","","","","","","","","","B1","2025-09-07","Blackrock Games; Les Tontons Joueurs","French","2021","French edition"
"Aquamarine","360471","0","0","0","1","0","0","0","0","0","0","0","3","Kickstater","","","","","96005087","5.9339","7.30477","1.8","3622","2388","thing","Aquamarine","1","100","30","30","20","2022","1,2,3,4,5,6,7,8","2,3","8+","Some necessary text - easily memorized or small crib sheet","","","","","","standalone","","","","","","","","","","PNP","2025-09-07","Postmark Games","English","2022","English Print & Play edition"
"Arborea","371077","8","0","0","1","0","0","0","0","0","0","0","3","Kickstarter","","","","","102409946","6.49694","7.53437","3.695","1341","5086","thing","Arborea","1","5","120","120","90","2023","1,2,3","3","14+","No necessary in-game text","","","","","","standalone","","","","","","","","","","","","Alley Cat Games","English","2023","English exclusive edition"
"Architects of the West Kingdom","236457","8","1","0","1","0","0","0","0","0","0","0","1","","","","","","46249891","7.51118","7.70644","2.7631","130","44796","thing","Architects of the West Kingdom","1","5","80","80","60","2018","1,2,3,4,5","4","10+","Some necessary text - easily memorized or small crib sheet","","","","","","standalone","","","","","","","","","","","","","","",""
"Architects of the West Kingdom: Age of Artisans","285235","0","0","0","1","0","0","0","0","0","0","0","3","","","","","","64530384","6.84739","8.04862","2.8514","0","12486","thing","Architects of the West Kingdom: Age of Artisans","1","6","80","80","60","2020","1,2,3,4,5,6","4","10+","No necessary in-game text","","","","","","expansion","","","","","","","","","","","","Garphill Games; Renegade Game Studios","English","2020","Renegade English edition"
"Architects of the West Kingdom: Works of Wonder","327245","0","0","0","1","0","0","0","0","0","0","0","1","","","","","","89822745","6.3413","8.00161","3.3143","0","8122","thing","Architects of the West Kingdom: Works of Wonder","1","5","80","80","60","2022","1,2,3,4,5","4","12+","No necessary in-game text","","","","","","expansion","","","","","","","","","","","","","","",""
"Ark Nova","342942","9","0","0","1","0","0","0","0","0","0","0","1","EspaceJeux","","","","","88304774","8.35359","8.53986","3.7967","2","89386","thing","Ark Nova","1","4","150","150","90","2022","1,2,3","2","14+","Extensive use of text - massive conversion needed to be playable","","","","","","standalone","","","","","","","","","","A3","2025-09-07","Super Meeple","French","2022","French edition"
"Ark Nova: Mondes Marins","368966","0","0","0","1","0","0","0","0","0","0","0","3","","","","","","102816287","8.0355","8.91291","3.8652","0","27729","thing","Ark Nova: Marine Worlds","1","4","150","150","90","2023","1,2,3,4","2","14+","Extensive use of text - massive conversion needed to be playable","","","","","","expansion","","","","","","","","","","","","Feuerland Spiele; Super Meeple","French","2023","French edition"
"Ark Nova: Plateau Zoo 2","426978","0","0","0","1","0","0","0","0","0","0","0","3","","","","","","140214677","6.52394","8.55362","3.6667","0","8355","thing","Ark Nova: Zoo Map Pack 2","1","4","150","150","90","2024","1,2,3,4","2","14+","Some necessary text - easily memorized or small crib sheet","","","","","","expansion","","","","","","","","","","","","Super Meeple","French","2024","French edition"
"Ark Nova: Zoo Map Pack 1","368158","0","0","0","1","0","0","0","0","0","0","0","3","","","","","","96618904","6.8147","8.20612","3.1176","0","13083","thing","Ark Nova: Zoo Map Pack 1","1","4","150","150","90","2022","1,2,3,4","2","12+","","","","","","","expansion","","","","","","","","","","","","Capstone Games","English","2022","English edition"
"Art Society","395375","0","0","0","1","0","0","0","0","0","1","0","3","Kickstarter Deluxe ed.","","","","","112377802","6.64577","7.48071","1.8654","1017","7231","thing","Art Society","2","4","60","60","30","2026","2,3,4","4","10+","No necessary in-game text","","","","","","standalone","","","","","","","","","","","","Mighty Boards","English","2026","English Deluxe edition"
"Art Society: Friends in High Places","450173","0","0","0","1","0","0","0","0","0","1","0","3","Kickstarter","","","","","136042675","0","9","0","0","33","thing","Art Society: Friends in High Places","2","4","60","60","30","2026","","","","","","","","","","expansion","","","","","","","","","","","","Mighty Boards","English","2026","English edition"
"Atlantes","283393","7.5","7","0","1","0","0","0","0","0","0","0","3","Revanche","","","","","82031937","6.93636","7.35445","2.3188","580","12658","thing","Aquatica","1","4","60","60","30","2020","2,3,4","3","10+","Moderate in-game text - needs crib sheet or paste ups","","","","","","standalone","","","","","","","","","","20X5","2025-09-07","Gigamic","French","2020","French edition"
"Atlantes: Eaux Glacées","300872","0","0","0","1","0","0","0","0","0","0","0","3","Philibert","","","","","82142154","6.32426","7.936","2.5556","0","4662","thing","Aquatica: Cold Waters","1","5","60","60","30","2021","2,3,4,5","3","12+","Some necessary text - easily memorized or small crib sheet","","","","","","expansion","","","","","","","","","","","","Gigamic","French","2021","French edition"
"Atlantis Rising (Second Edition)","248490","0","0","0","1","0","0","0","0","0","0","0","3","","","","","","139149305","6.85328","7.47782","2.4718","685","9983","thing","Atlantis Rising (Second Edition)","1","7","120","120","60","2024","1,2,3,4,5,6","4","10+","Moderate in-game text - needs crib sheet or paste ups","","","","","","standalone","","","","","","","","","","","","Elf Creek Games; Lucky Duck Games","French","2024","French edition"
"Avant Carde","390163","7","0","0","1","0","0","0","0","0","0","0","3","Kickstarter","","","","","108649036","5.79766","6.88582","1.8333","4837","1800","thing","Avant Carde","1","5","35","35","25","2024","1,2,3,4","3","","Some necessary text - easily memorized or small crib sheet","","","","","","standalone","","","","","","","","","","","","Resonym","English","2024","English edition"
"Les Aventuriers du Rail Legacy: Légendes de L'Ouest","390092","0","0","0","1","0","0","0","0","0","0","0","3","","","","","","133333424","7.77519","8.62797","2.5625","50","15909","thing","Ticket to Ride Legacy: Legends of the West","2","5","90","90","20","2023","2,3,4,5","4","10+","Moderate in-game text - needs crib sheet or paste ups","","","","","","standalone","","","","","","","","","","","","Days of Wonder","French","2023","French edition"
"Ayar: Children of the Sun","429438","0","0","0","1","0","0","0","0","0","0","0","3","","","","","","131801386","6.12467","7.89598","3.2593","2551","1602","thing","Ayar: Children of the Sun","1","4","90","90","60","2025","2,3,4","3","14+","No necessary in-game text","","","","","","standalone","","","","","","","","","","","","Osprey Games","English","2025","English edition"
"Azul","230802","8","42","0","1","0","0","0","0","0","0","0","3","","","","","","47175242","7.60509","7.71436","1.7724","99","184552","thing","Azul","2","4","45","45","30","2017","2,3,4","2","8+","No necessary in-game text","","","","","","standalone","","","","","","","","","","C1","2025-09-07","Plan B Games","English; French","2017","English/French first edition"
"Azul Duel","431038","0","0","0","1","0","0","0","0","0","0","0","3","Lilojeux","","","","","129543231","6.29035","6.98727","2.2933","1910","7248","thing","Azul Duel","2","2","45","45","30","2025","2","2","10+","No necessary in-game text","","","","","","standalone","","","","","","","","","","C2","2025-09-07","Next Move Games","French","2025","French edition"
"Azul Pavillon d'été: Pavillon Etincelant","332613","0","0","0","1","0","0","0","0","0","0","0","1","","","","","","139692871","5.95912","7.59821","2.1818","0","4503","thing","Azul: Summer Pavilion – Glazed Pavilion","2","4","45","45","30","2021","2,3,4","2","8+","No necessary in-game text","","","","","","expansion","","","","","","","","","","","","Next Move Games","French","2021","French edition"
"Azul: Crystal Mosaic","294345","7.7","1","0","1","0","0","0","0","0","0","0","3","GreatBoardGames","","","","","71605215","6.36602","7.2657","1.6538","0","11937","thing","Azul: Crystal Mosaic","2","4","45","45","30","2020","2,3,4","2","8+","No necessary in-game text","","","","","","expansion","","","","","","","","","","B2","2021-07-11","Next Move Games","English","2020","English edition"
"Azul: Joker Tiles","235739","0","0","0","1","0","0","0","0","0","0","0","1","","","","","","48707517","5.94713","7.32631","1.6667","0","3772","thing","Azul: Joker Tiles","2","4","45","45","30","2017","2,3,4","2","12+","No necessary in-game text","","","","","","expansion","","","","","","","","","","","","Plan B Games","English","2017","English first edition"
"Azul: Stained glass of Sintra / Les vitraux de Sintra","256226","7.5","1","0","1","0","0","0","0","0","0","0","3","","","","","","63369578","6.99242","7.28179","2.0129","510","25340","thing","Azul: Stained Glass of Sintra","2","4","45","45","30","2018","2,3,4","3","8+","No necessary in-game text","","","","","","standalone","","","","","","","","","","C1","2025-09-07","Next Move Games","English; French","2018","English/French edition"
"Azul: Summer Pavilion","287954","7.5","2","0","1","0","0","0","0","0","0","0","1","","","","","","78784775","7.29571","7.56473","2.0762","241","33414","thing","Azul: Summer Pavilion","2","4","45","45","30","2019","2,3,4","2,3","8+","No necessary in-game text","","","","","","standalone","","","","","","","","","","C1","2025-09-07","","","",""
"Azul: Summer Pavilion – Objective Tiles Mini Expansion","292743","0","0","0","1","0","0","0","0","0","0","0","1","","","","","","101298871","5.60593","7.72787","2","0","871","thing","Azul: Summer Pavilion – Objective Tiles Mini Expansion","2","4","45","45","30","2019","2,3,4","3","","No necessary in-game text","","","","","","expansion","","","","","","","","","","","","","","",""
"Bad Company","340677","8","1","0","1","0","0","0","0","0","0","0","3","","","","","","86946748","6.51414","7.22732","1.9341","1296","5230","thing","Bad Company","1","6","30","30","30","2021","1,2,3,4,5,6","3,4","8+","No necessary in-game text","","","","","","standalone","","","","","","","","","","B5","2025-09-07","Aporta Games","English","2021","English first edition"
"Bag of Chips","344114","7.5","2","0","1","0","0","0","0","0","0","0","3","","","","","","94009366","5.94775","6.40957","1.12","3520","4410","thing","Bag of Chips","2","5","20","20","15","2022","2,3,4,5","4,5","8+","No necessary in-game text","","","","","","standalone","","","","","","","","","","","","Blue Orange Games; Mixlore","English","2022","English second edition"
"Baghdad: The City of Peace – Deluxe Edition","425630","0","0","0","1","0","0","0","0","0","0","0","3","","","","","","143208710","5.83277","7.67488","3.4","4460","851","thing","Baghdad: The City of Peace","1","4","120","120","90","2026","2,3,4","3","12+","No necessary in-game text","","","","","","standalone","","","","","","","","","","","","Alley Cat Games","English","2026","English edition"
"Bamboo","351538","8","0","0","1","0","0","0","0","0","0","0","3","","","","","","102735535","6.22794","7.06563","2.9109","2129","5105","thing","Bamboo","2","4","110","110","90","2023","2,3,4","3","12+","No necessary in-game text","","","","","","standalone","","","","","","","","","","B4","2025-09-07","Devir","Catalan; English; Italian; Portuguese; Spanish","2023","Multilingual edition"
"Barcelona","383607","8.8","0","0","1","0","0","0","0","0","0","0","1","","","","","","109758858","6.94606","7.71924","3.3614","564","7910","thing","Barcelona","1","4","90","90","60","2023","1,2,3,4","3","12+","No necessary in-game text","","","","","","standalone","","","","","","","","","","","","Board&Dice","English","2023","English edition"
"Barcelona: Passeig de Gràcia","415314","0","0","0","1","0","0","0","0","0","0","0","3","BGBliss","","","","","126564344","5.77993","7.97764","3.3","0","2263","thing","Barcelona: Passeig de Gràcia","1","4","90","90","60","2024","1,2,3,4","3,4","","No necessary in-game text","","","","","","expansion","","","","","","","","","","","","Board&Dice","English","2024","English edition"
"Barrage: Duel","397438","0","0","0","1","0","0","0","0","0","0","0","3","Kickstarter","","","","","111693864","5.88359","8.52382","3.7143","0","2792","thing","Barrage: Duel","2","2","120","120","120","2024","2","2","","No necessary in-game text","","","","","","expansion","","","","","","","","","","","","Cranio Creations","English","2024","English edition"
"Barrage: Executive Officer Promo A","318010","0","0","0","1","0","0","0","0","0","0","0","3","Kickstarter","","","","","111693891","5.72671","8.03832","0","0","2753","thing","Barrage: Executive Officer Promo A","1","4","120","120","60","2019","","","","","","","","","","expansion","","","","","","","","","","","","Cranio Creations","English","2019","English edition"
"Barrage: Executive Officer Promo B","304458","0","0","0","1","0","0","0","0","0","0","0","3","Kickstarter","","","","","102025536","5.72658","7.92563","0","0","2912","thing","Barrage: Executive Officer Promo B","1","5","120","120","60","2020","","","","","","","","","","expansion","","","","","","","","","","","","Cranio Creations","English","2020","English edition"
"Barrage: Executive Officer Promo C","346071","0","0","0","1","0","0","0","0","0","0","0","3","Kickstarter","","","","","111693888","5.66136","7.96348","3.3333","0","2412","thing","Barrage: Executive Officer Promo C","1","5","120","120","60","2021","","","","","","","","","","expansion","","","","","","","","","","","","Cranio Creations","English","2021","English edition"
"Barrage: Executive Officer Promo D","363533","0","0","0","1","0","0","0","0","0","0","0","3","Kickstarter","","","","","111693884","5.64582","7.82636","0","0","2339","thing","Barrage: Executive Officer Promo D","1","5","120","120","60","2022","","","","","","","","","","expansion","","","","","","","","","","","","Cranio Creations","English","2022","English edition"
"Barrage: Executive Officer Promo E","397434","0","0","0","1","0","0","0","0","0","0","0","3","Kickstarter","","","","","111693874","5.59037","7.67987","0","0","1904","thing","Barrage: Executive Officer Promo E","2","5","120","120","60","2023","","","","","","","","","","expansion","","","","","","","","","","","","Cranio Creations","English","2023","English edition"
"Barrage: The Colorado Connection","397437","0","0","0","1","0","0","0","0","0","0","0","3","Kickstarter","","","","","111693867","5.76828","8.26122","4.125","0","3338","thing","Barrage: The Colorado Connection","2","4","120","120","120","2024","2,3,4","4","14","","","","","","","expansion","","","","","","","","","","","","Cranio Creations","English","2024","English edition"
"Barrage: The Geological Factor","388973","0","0","0","1","0","0","0","0","0","0","0","3","Kickstarter","","","","","111693878","5.61431","7.60138","0","0","2249","thing","Barrage: The Geological Factor","1","4","120","120","60","2023","4","4","","","","","","","","expansion","","","","","","","","","","","","Cranio Creations","English","2023","English edition"
"Bebop","414349","8","1","0","1","0","0","0","0","0","0","0","1","","","","","","130978321","5.67543","6.65696","2.4167","6873","594","thing","Bebop","2","4","60","60","45","2024","2,3,4","3","10+","No necessary in-game text","","","","","","standalone","","","","","","","","","","BUREAU","2025-09-07","","","",""
"Bebop: Festivals Expansion","436371","0","0","0","1","0","0","0","0","0","0","0","1","","","","","","131131642","0","7.35","0","0","165","thing","Bebop: Festivals Expansion","2","4","60","60","45","2024","","","","","","","","","","expansion","","","","","","","","","","","","","","",""
"Beyond the Sun","317985","8","2","0","1","0","0","0","0","0","0","0","2","","","","","","77244365","7.55703","7.86255","3.1552","112","19926","thing","Beyond the Sun","2","4","120","120","60","2021","2,3,4","3","12+","Moderate in-game text - needs crib sheet or paste ups","","","","","","standalone","","","","","","","","","","A3","2025-09-07","Matagot","French","2021","French edition"
"Bitoku","323612","8","0","0","1","0","0","0","0","0","0","0","3","BoardGameBliss","","","","","86240753","7.19939","7.77598","3.7639","305","15520","thing","Bitoku","1","4","120","120","120","2021","1,2,3,4","3","12+","No necessary in-game text","","","","","","standalone","","","","","","","","","","","","Devir","English; Spanish","2021","English/Spanish first edition"
"Blackout: Hong Kong","262215","7","0","0","1","0","0","0","0","0","0","0","3","","","","","","54904753","6.86616","7.39133","3.4603","666","10293","thing","Blackout: Hong Kong","1","4","150","150","75","2019","1,2,3,4","3","12+","Moderate in-game text - needs crib sheet or paste ups","","","","","","standalone","","","","","","","","","","","","eggertspiele","French","2019","French edition"
"Blue Moon City","21882","7.5","0","0","1","0","0","0","0","0","0","0","3","","","","","","68097096","6.69986","7.03742","2.2852","921","10510","thing","Blue Moon City","2","4","50","50","30","2018","2,3,4","3,4","8+","No necessary in-game text","","","","","","standalone","","","","","","","","","","B5","2025-09-07","CMON Global Limited; Spaghetti Western Games","English","2018","CMON English edition"
"Blueprints of Mad King Ludwig","376610","7","0","0","1","0","0","0","0","0","0","0","3","Kickstarter","","","","","105280407","5.87866","7.34777","2.8182","4049","1886","thing","Blueprints of Mad King Ludwig","1","5","60","60","60","2024","1,2,3,4,5","4","10+","","","","","","","standalone","","","","","","","","","","","","Bézier Games","English","2024","English edition"
"Bonfire","304420","7","0","0","1","0","0","0","0","0","0","0","3","BoardGameBliss - 20 sept","","","","","72309036","7.0728","7.59775","3.6299","420","13273","thing","Bonfire","1","4","100","100","70","2020","1,2,3,4","3","12+","No necessary in-game text","","","","","","standalone","","","","","","","","","","","","","","",""
"Bonsai","366994","0","0","0","1","0","0","0","0","0","0","0","3","BGBliss","","","","","119443210","6.5102","7.16695","1.8","1306","6831","thing","Bonsai","1","4","40","40","40","2023","1,2,3,4","3","8+","No necessary in-game text","","","","","","standalone","","","","","","","","","","A3","2025-09-07","DV Games","English","2023","English edition"
"Bonsai: Wabi Sabi","422336","0","0","0","1","0","0","0","0","0","0","0","3","","","","","","130565535","5.58813","7.7377","2","0","803","thing","Bonsai: Wabi Sabi","1","5","40","40","40","2024","1,2,3,4,5","4,5","8","","","","","","","expansion","","","","","","","","","","","","DV Games","English","2024","English edition"
"Boomerang: Australia","296167","0","4","0","1","0","0","0","0","0","0","0","3","","","","","","71730854","5.99611","6.83675","1.5263","3213","1661","thing","Boomerang: Australia","2","4","30","30","15","2020","2,3,4","4","8+","No necessary in-game text","","","","","","standalone","","","","","","","","","","","","Grail Games; Matagot","Dutch; English; French","2020","Dutch/English/French edition"
"Boonlake","343905","0","0","0","1","0","0","0","0","0","0","0","2","","","","","","88118845","7.00861","7.60158","3.8055","496","11185","thing","Boonlake","1","4","160","160","80","2022","1,2,3,4","3","14+","No necessary in-game text","","","","","","standalone","","","","","","","","","","","","Capstone Games","English","2022","Capstone English edition"
"boop.","355433","7.5","5","0","1","0","0","0","0","0","0","0","1","","","","","","105595660","6.5049","7.03857","1.3832","1318","8964","thing","boop.","2","2","30","30","20","2022","2","2","8+","No necessary in-game text","","","","","","standalone","","","","","","","","","","B4","2025-09-07","","","",""
"Bora Bora","127060","7.5","0","0","1","0","0","0","0","0","0","0","3","","","","","","16162173","7.16908","7.55719","3.7259","327","13108","thing","Bora Bora","2","4","120","120","60","2013","2,3,4","4","14+","No necessary in-game text","","","","","","standalone","","","","","","","","","","","","","","",""
"Bora Bora: Orange God Tiles","149712","0","0","0","1","0","0","0","0","0","0","0","3","","","","","","21127633","5.75539","7.43366","2.3889","0","1409","thing","Bora Bora: Orange God Tiles","2","4","60","60","60","2013","2,3,4","4","12+","No necessary in-game text","","","","","","expansion","","","","","","","","","","","","","","",""
"Brass: Birmingham","224517","9.2","0","0","1","0","0","0","0","0","0","0","3","","","","","","53076143","8.39343","8.56358","3.8617","1","84483","thing","Brass: Birmingham","2","4","120","120","60","2018","2,3,4","3,4","14+","No necessary in-game text","","","","","","standalone","","","","","","","","","","B5","2025-09-07","Roxley","English","2018","English retail edition"
"Brian Boru: Haut Roi d'Irlande","337765","8","5","0","1","0","0","0","0","0","0","0","3","","","","","","97402612","6.82091","7.45399","2.5592","730","6893","thing","Brian Boru: High King of Ireland","3","5","90","90","60","2022","3,4,5","4","12+","No necessary in-game text","","","","","","standalone","","","","","","","","","","","","Origames; Osprey Games","French","2022","French edition"
"Bruges","136888","9","2","0","1","0","0","0","0","0","0","0","3","","","","","","18098865","7.10084","7.42548","2.7556","390","12528","thing","Bruges","2","4","60","60","60","2013","2,3,4","3","10+","Extensive use of text - massive conversion needed to be playable","","","","","","standalone","","","","","","","","","","","","Filosofia Éditions","French","2013","French edition"
"Bunny Kingdom","184921","7.5","2","0","1","0","0","0","0","0","0","0","1","","","","","","54363647","7.10539","7.40715","2.2993","386","21403","thing","Bunny Kingdom","2","4","60","60","40","2017","2,3,4","3,4","10+","Moderate in-game text - needs crib sheet or paste ups","","","","","","standalone","","","","","","","","","","","","","","",""
"Cacao","171499","8","8","0","1","0","0","0","0","0","0","0","1","","","","","","46220279","6.7784","7.06997","1.8238","789","14904","thing","Cacao","2","4","45","45","45","2015","2,3,4","3","8+","No necessary in-game text","","","","","","standalone","","","","","","","","","","C2","2025-09-07","","","",""
"Cacao: Chocolatl","191540","0","1","0","1","0","0","0","0","0","0","0","1","","","","","","46220280","6.24491","7.48821","2.069","0","5316","thing","Cacao: Chocolatl","2","4","60","60","60","2016","2,3,4","2,3","8+","No necessary in-game text","","","","","","expansion","","","","","","","","","","","","","","",""
"Calico","283155","8","6","0","1","0","0","0","0","0","0","0","3","Kickstarter","","","","","64635773","7.24328","7.47926","2.1981","270","41918","thing","Calico","1","4","45","45","30","2020","1,2,3,4","2","10+","No necessary in-game text","","","","","","standalone","","","","","","","","","","A1","2025-09-07","Alderac Entertainment Group; Flatout Games","English","2020","English edition"
"Camel Up","153938","0","0","0","1","0","0","0","0","0","0","0","3","","","","","","26479019","6.87602","7.02991","1.502","644","37960","thing","Camel Up","2","8","30","30","20","2014","3,4,5,6,7","4,5","8+","No necessary in-game text","","","","","","standalone","","","","","","","","","","","","Filosofia Éditions","French","2014","French edition"
"Camel Up: Supercup","172380","0","0","0","1","0","0","0","0","0","0","0","1","","","","","","54243052","6.44301","7.32798","1.7241","0","9233","thing","Camel Up: Supercup","2","10","45","45","30","2015","3,4,5,6,7,8","5,6","8+","No necessary in-game text","","","","","","expansion","","","","","","","","","","","","","","",""
"Can't Stop","41","0","1","0","1","0","0","0","0","0","0","0","3","","","","","","134987721","6.79015","6.94715","1.1427","768","22835","thing","Can't Stop","2","4","30","30","30","2025","2,3,4","3","8+","No necessary in-game text","","","","","","standalone","","","","","","","","","","B3","2025-09-07","Playte; Popcorn Games","Korean","2025","Korean triangle edition"
"Cap'taine Carcasse","149155","8","12","0","1","0","0","0","0","0","0","0","3","Secret cabal","","","","","38621744","6.44148","6.85393","1.319","1468","10945","thing","Dead Man's Draw","2","4","15","15","15","2016","2,3,4","4","8+","No necessary in-game text","","","","","","standalone","","","","","","","","","","","","Bombyx","French","2016","French-only edition"
"Carcassonne","822","7.5","30","0","1","0","0","0","0","0","0","0","3","","","","","","11656713","7.29877","7.4166","1.8848","239","224147","thing","Carcassonne","2","5","45","45","30","2002","2,3,4,5","2","8+","No necessary in-game text","","","","","","standalone","","","","","","","","","","A2","2025-09-07","Hans im Glück; Schmidt Spiele","French","2002","French first edition"
"Carcassonne Maps: Chips","291518","0","0","0","1","0","0","0","0","0","0","0","3","","","","","","75964560","5.56261","7.44036","1","0","679","thing","Carcassonne Maps: Chips","2","4","45","45","30","2019","","","","","","","","","","expansion","","","","","","","","","","","","Hans im Glück","English; German","2019","English/German edition"
"Carcassonne Maps: Península Ibérica","291516","0","0","0","1","0","0","0","0","0","0","0","3","","","","","","75825700","5.55219","7.77193","2","0","420","thing","Carcassonne Maps: Península Ibérica","2","4","0","0","0","2019","2,3,4","2","8+","","","","","","","expansion","","","","","","","","","","","","Hans im Glück","English; German","2019","English/German edition"
"Carcassonne: Auberges et Cathedrales","2993","0","0","0","1","0","0","0","0","0","0","0","3","","","","","","13238182","7.39351","7.64491","1.9265","0","54014","thing","Carcassonne: Inns & Cathedrals","2","6","60","60","60","2002","2,3,4,5,6","2,3","8+","No necessary in-game text","","","","","","expansion","","","","","","","","","","","","","","",""
"Carcassonne: Bazars, ponts et forteresses","66646","0","0","0","1","0","0","0","0","0","0","0","1","","","","","","23120829","6.32689","7.03417","2.0588","0","12967","thing","Carcassonne: Expansion 8 – Bridges, Castles and Bazaars","2","6","45","45","30","2010","2,3,4,5","3,4","8+","No necessary in-game text","","","","","","expansion","","","","","","","","","","","","","","",""
"Carcassonne: Damoiselle & Dragon","15158","0","0","0","1","0","0","0","0","0","0","0","3","","","","","","11656720","6.51726","6.82125","1.9934","0","29587","thing","Carcassonne: Dragon & Fairy","2","6","60","60","60","2005","2,3,4,5,6","3,4","8+","No necessary in-game text","","","","","","expansion","","","","","","","","","","","","","","",""
"Carcassonne: Die Kultstätte","38431","0","1","0","1","0","0","0","0","0","0","0","3","","","","","","11656762","5.72305","6.73076","1.7333","0","1956","thing","Carcassonne: The Cult","2","5","60","60","60","2008","2,3,4,5","2","8+","No necessary in-game text","","","","","","expansion","","","","","","","","","","","","W. Nostheide Verlag GmbH","German","2008","Spielbox Hans im Glück: Der Almanach edition"
"Carcassonne: Die Pest","85003","0","0","0","1","0","0","0","0","0","0","0","3","","","","","","13259782","5.64219","6.53278","2.2105","0","2081","thing","Carcassonne: The Plague","2","6","60","60","60","2010","3,4,5,6","5,6","","No necessary in-game text","","","","","","expansion","","","","","","","","","Mat","","","W. Nostheide Verlag GmbH","German","2010","Spielbox German edition"
"Carcassonne: Die Windrosen","131676","0","0","0","1","0","0","0","0","0","0","0","3","","","","","","20890038","5.5947","6.46673","1.6364","0","2134","thing","Carcassonne: Die Windrosen","2","6","0","0","0","2012","2,3,4","2","","No necessary in-game text","","","","","","expansion","","","","","","","","","","","","","","",""
"Carcassonne: King & Scout","7707","0","1","0","1","0","0","0","0","0","0","0","3","","","","","","11656735","6.14481","6.60141","1.7965","0","9502","thing","Carcassonne: King & Scout","2","5","45","45","45","2003","2,3,4,5","2,3","8+","No necessary in-game text","","","","","","expansion","","","","","","","","","","","","","","",""
"Carcassonne: Les Aéronefs","118615","0","0","0","1","0","0","0","0","0","0","0","1","","","","","","17368119","5.91539","6.66291","1.7447","0","6086","thing","Carcassonne: The Flying Machines","2","6","0","0","0","2012","2,3,4,5,6","2,3","8+","No necessary in-game text","","","","","","expansion","","","","","","","","","","","","","","",""
"Carcassonne: Les Brigands","118616","0","0","0","1","0","0","0","0","0","0","0","1","","","","","","17368177","5.70189","6.25312","1.7381","0","5333","thing","Carcassonne: The Robbers","2","6","0","0","0","2012","3,4,5,6","2,4","8+","No necessary in-game text","","","","","","expansion","","","","","","","","","","","","","","",""
"Carcassonne: Les Ferrys","118614","0","0","0","1","0","0","0","0","0","0","0","1","","","","","","17368176","5.93285","6.77214","1.8113","0","5879","thing","Carcassonne: The Ferries","2","6","0","0","0","2012","2,3,4,5","2","8+","No necessary in-game text","","","","","","expansion","","","","","","","","","","","","","","",""
"Carcassonne: Les Messagers","118619","0","0","0","1","0","0","0","0","0","0","0","1","","","","","","17368120","5.77222","6.41606","1.8","0","5865","thing","Carcassonne: The Messengers","2","6","0","0","0","2012","2,3,4,5,6","2,4","8+","No necessary in-game text","","","","","","expansion","","","","","","","","","","","","","","",""
"Carcassonne: Les Mines d'Or","118617","0","0","0","1","0","0","0","0","0","0","0","1","","","","","","17368121","5.98052","6.90653","1.7955","0","5893","thing","Carcassonne: The Gold Mines","2","6","0","0","0","2012","2,3,4,5,6","2,3,4","8+","No necessary in-game text","","","","","","expansion","","","","","","","","","","","","","","",""
"Carcassonne: Little Buildings","130998","0","0","0","1","0","0","0","0","0","0","0","1","","","","","","17368182","5.5805","6.36884","1.8333","0","1830","thing","Carcassonne: Little Buildings","2","6","0","0","0","2012","2,3,4,5,6","2","","No necessary in-game text","","","","","","expansion","","","","","","","","","","","","","","",""
"Carcassonne: Magicien & Sorcière","118618","0","0","0","1","0","0","0","0","0","0","0","1","","","","","","17368122","5.87288","6.73437","1.675","0","5605","thing","Carcassonne: Mage & Witch","2","6","0","0","0","2012","2,3,4,5","2","8+","No necessary in-game text","","","","","","expansion","","","","","","","","","","","","","","",""
"Carcassonne: Maire et cloîtres","31784","0","0","0","1","0","0","0","0","0","0","0","3","","","","","","23120833","6.61909","7.15444","2.019","0","19357","thing","Carcassonne: Abbey & Mayor","2","6","30","30","30","2007","2,3,4,5,6","3","8+","No necessary in-game text","","","","","","expansion","","","","","","","","","","","","","","",""
"Carcassonne: Marchands & Bâtisseurs","5405","0","0","0","1","0","0","0","0","0","0","0","3","","","","","","13704188","7.3224","7.62306","2.0576","0","44900","thing","Carcassonne: Traders & Builders","2","6","60","60","60","2003","2,3,4,5","2,3","8+","No necessary in-game text","","","","","","expansion","","","","","","","","","","","","","","",""
"Carcassonne: Moutons et collines","153773","0","0","0","1","0","0","0","0","0","0","0","1","","","","","","24053353","6.34182","7.34318","1.8654","0","9536","thing","Carcassonne: Sheep & Shepherds","2","6","40","40","40","2014","2,3,4,5,6","2,3,4","8+","No necessary in-game text","","","","","","expansion","","","","","","","","","","","","Filosofia Éditions; Hans im Glück","French","2014","French edition"
"Carcassonne: The River II","18836","0","0","0","1","0","0","0","0","0","0","0","3","","","","","","11656747","6.57221","7.21408","1.6949","0","10311","thing","Carcassonne: The River II","2","6","60","60","60","2005","2,3,4,5,6","3","8+","No necessary in-game text","","","","","","expansion","","","","","","","","","","","","","","",""
"Carnegie","310873","9","4","0","1","0","0","0","0","0","0","0","1","Kickstarter
","","","","","75589400","7.52107","7.95745","3.8169","127","16716","thing","Carnegie","1","4","120","120","90","2022","1,2,3,4","4","14+","No necessary in-game text","","","","","","standalone","","","","","","","","","","","","Quined Games","English","2022","English deluxe collector's edition"
"Carnegie: Departments and Donations Expansion","366201","0","0","0","1","0","0","0","0","0","0","0","1","","","","","","107302204","5.89853","8.30839","3.7778","0","2927","thing","Carnegie: Departments and Donations Expansion","1","4","180","180","120","2023","2,3,4","2,4","14+","","","","","","","expansion","","","","","","","","","","","","Pegasus Spiele","English; German","2023","German/English edition"
"Carpe Diem","245934","0","0","0","1","0","0","0","0","0","0","0","3","","","","","","53523064","7.04793","7.4909","2.5387","451","14070","thing","Carpe Diem","2","4","75","75","45","2018","2,3,4","3","10+","No necessary in-game text","","","","","","standalone","","","","","","","","","","","","alea; Ravensburger AG","English; French; German","2018","Multilingual first edition, first printing"
"Cartographers","263918","7","10","0","1","0","0","0","0","0","0","0","3","BoardGameBliss","","","","","80152705","7.38794","7.55177","1.8904","184","62748","thing","Cartographers","1","100","45","45","30","2019","1,2,3,4,5,6,7,8","3,4","8+","Some necessary text - easily memorized or small crib sheet","","","","","","standalone","","","","","","","","","","B3","2025-09-07","Thunderworks Games","English","2019","Thunderworks English edition"
"Cartographers Heroes","315767","0","0","0","1","0","0","0","0","0","0","0","3","JokerPub","","","","","90309046","7.04094","7.69833","1.9643","461","16596","thing","Cartographers Heroes","1","100","45","45","30","2021","1,2,3,4,5,6,7,8,9,10","3,4","10+","Some necessary text - easily memorized or small crib sheet","","","","","","standalone","","","","","","","","","","B3","2025-09-07","Intrafin Games","French","2021","French edition"
"Cartographers: Ambush Mini Expansion","302884","0","0","0","1","0","0","0","0","0","0","0","3","","","","","","90765341","5.96229","7.75339","1.75","0","4046","thing","Cartographers: Ambush Mini Expansion","1","100","45","45","30","2020","1,2,3,4,5,6,7,8","2,4","8+","Some necessary text - easily memorized or small crib sheet","","","","","","expansion","","","","","","","","","","","","Thunderworks Games","English","2020","English edition"
"Cartographers: Map Pack 6 – Hornhelm: Wasteland Market","353865","0","0","0","1","0","0","0","0","0","0","0","3","","","","","","103155532","5.74905","7.93421","2","0","2657","thing","Cartographers: Map Pack 6 – Hornhelm: Wasteland Market","1","99","45","45","30","2022","","","","Some necessary text - easily memorized or small crib sheet","","","","","","expansion","","","","","","","","","","","","Thunderworks Games","English","2022","English edition"
"Cartographers: Skills Mini Expansion 2","319315","0","0","0","1","0","0","0","0","0","0","0","3","","","","","","90765312","5.76614","7.58285","1.6","0","3134","thing","Cartographers: Skills Mini Expansion 2","1","100","45","45","30","2021","1,2,3,4","3,4","10+","Some necessary text - easily memorized or small crib sheet","","","","","","expansion","","","","","","","","","","","","Thunderworks Games","English","2021","English edition"
"Cascadero","401216","7","0","0","1","0","0","0","0","0","0","0","3","","","","","","115704973","6.30352","7.26575","2.5652","1860","3100","thing","Cascadero","2","4","60","60","45","2024","2,3,4","3,4","10+","No necessary in-game text","","","","","","standalone","","","","","","","","","","C3","2025-09-07","Bitewing Games","English","2024","English edition"
"Cascadia","295947","8.5","13","0","1","0","0","0","0","0","0","0","3","Kickstarter","","","","","74490265","7.73419","7.88776","1.8422","60","93453","thing","Cascadia","1","4","45","45","30","2021","1,2,3,4","2,3","8+","Some necessary text - easily memorized or small crib sheet","","","","","","standalone","","","","","","","","","","A1","2025-09-07","Alderac Entertainment Group; Flatout Games","English","2021","English edition"
"Cascadia: Kickstarter Promo Cards","343277","0","0","0","1","0","0","0","0","0","0","0","1","","","","","","84850942","6.06055","7.72706","1.9091","0","5349","thing","Cascadia: Kickstarter Promo Cards","1","4","45","45","30","2021","1,2,3,4","2,3","6+","Some necessary text - easily memorized or small crib sheet","","","","","","expansion","","","","","","","","","","","","","","",""
"Cascadia: Landmarks","385318","0","0","0","1","0","0","0","0","0","0","0","3","BGBliss","","","","","105565053","6.81495","7.73842","2.2405","0","17607","thing","Cascadia: Landmarks","1","6","45","45","30","2023","1,2,3,4,5,6","2","8+","Some necessary text - easily memorized or small crib sheet","","","","","","expansion","","","","","","","","","","","","Alderac Entertainment Group; Flatout Games","English","2023","English edition"
"Cascadia: Rolling Hills","407317","0","1","0","1","0","0","0","0","0","0","0","3","Kickstarter","","","","","116995352","6.03354","7.13029","1.9615","3008","5521","thing","Cascadia: Rolling Hills","1","4","30","30","15","2024","1,2,3,4","1","10+","Some necessary text - easily memorized or small crib sheet","","","","","","standalone","","","","","","","","","","TV","2025-09-07","Alderac Entertainment Group; Flatout Games","English","2024","English edition"
"Cascadia: Rolling Rivers","407318","0","0","0","1","0","0","0","0","0","0","0","3","Kickstarter","","","","","116995362","6.12729","7.16949","1.96","2536","6097","thing","Cascadia: Rolling Rivers","1","4","30","30","15","2024","1,2,3,4","1,2","8+","Some necessary text - easily memorized or small crib sheet","","","","","","standalone","","","","","","","","","","TV","2025-09-07","Alderac Entertainment Group; Flatout Games","English","2024","English edition"
"Cascadito","401217","6.8","0","0","1","0","0","0","0","0","0","0","3","","","","","","115704971","5.67902","6.50935","1.8","6792","1436","thing","Cascadito","1","4","45","45","30","2024","1,2,3,4","2,3","12+","No necessary in-game text","","","","","","standalone","","","","","","","","","","","","Bitewing Games","English","2024","English edition"
"The Castles of Burgundy: Special Edition","363622","10","0","0","1","0","0","0","0","0","0","0","3","","","","","","110438745","8.48316","9.14128","2.8444","0","25184","thing","The Castles of Burgundy: Special Edition","1","4","120","120","70","2023","1,2,3,4","2","10+","No necessary in-game text","","","","","","standalone","","","","","","","","","","","","alea; Awaken Realms; Ravensburger AG","French","2023","French edition"
"The Castles of Burgundy: The Dice Game","232988","0","10","0","1","0","0","0","0","0","0","0","1","","","","","","49117609","6.37363","6.85693","1.8916","1659","8036","thing","The Castles of Burgundy: The Dice Game","1","5","30","30","15","2017","1,2,3,4,5","1,2","8+","No necessary in-game text","","","","","","standalone","","","","","","","","","","","","","","",""
"Castles of Mad King Ludwig: Renovations","369683","0","0","0","1","0","0","0","0","0","0","0","3","Kickstarter","","","","","99403065","5.59261","7.2596","2.5","0","1252","thing","Castles of Mad King Ludwig: Renovations","1","5","0","0","0","2023","3,4,5","4","","","","","","","","expansion","","","","","","","","","","","","Bézier Games","English","2023","English edition"
"Castles of Mad King Ludwig: Royal Collector's Edition","326945","8.5","11","0","1","0","0","0","0","0","0","0","1","Kickstarter","","","","","77447394","6.60306","8.25598","2.625","1098","4605","thing","Castles of Mad King Ludwig: Collector's Edition","1","5","90","90","60","2022","1,2,3,4","3","10+","No necessary in-game text","","","","","","standalone","","","","","","","","","","","","Bézier Games","English","2022","English edition"
"Cat in the Box: Deluxe Edition","345972","0","0","0","1","0","0","0","0","0","0","0","3","LaPioche","","","","","110694786","7.11492","7.43144","2.0456","373","24695","thing","Cat in the Box: Deluxe Edition","2","5","40","40","20","2023","3,4,5","4","10+","No necessary in-game text","","","","","","standalone","","","","","","","","","","","","Bézier Games; Matagot","French","2023","French edition"
"Caverna","102794","8.5","10","0","1","0","0","0","0","0","0","0","1","La Revanche","","","","","20710252","7.72955","7.92041","3.7768","62","48421","thing","Caverna: The Cave Farmers","1","7","210","210","30","2020","1,2,3,4,5","4","12+","Moderate in-game text - needs crib sheet or paste ups","","","","","","standalone","","","","","","","","","","20X5","2025-09-07","Funforge; Lookout Games","French","2020","French second edition"
"Caverna: Cave vs Cave – Era II","258647","0","0","0","1","0","0","0","0","0","0","0","3","401Games 20 Mars","","","","","92333936","5.84778","7.41643","2.8889","0","2620","thing","Caverna: Cave vs Cave – Era II","1","2","60","60","30","2018","1,2","2","12+","Some necessary text - easily memorized or small crib sheet","","","","","","expansion","","","","","","","","","","","","Lookout Games","English","2018","English edition"
"Celtic","299928","7","7","0","1","0","0","0","0","0","0","0","3","","","","","","103896848","5.53733","6.04476","1.3333","15174","383","thing","Celtic","2","4","60","60","40","2020","2,3,4","4","8+","No necessary in-game text","","","","","","standalone","","","","","","","","","","","","Pegasus Spiele","English; German","2020","English/German edition"
"Century: Spice Road","209685","8","12","0","1","0","0","0","0","0","0","0","3","","","","","","40119468","7.10381","7.28901","1.7994","388","35343","thing","Century: Spice Road","2","5","45","45","30","2017","2,3,4,5","3,4","8+","No necessary in-game text","","","","","","standalone","","","","","","","","","","C2","2025-09-07","Plan B Games","English; French","2017","English/French edition"
"Century: Spice Road – Bonus Cards","233621","0","0","0","1","0","0","0","0","0","0","0","1","","","","","","101302060","5.70193","7.63175","1.3333","0","1448","thing","Century: Spice Road – Bonus Cards","2","5","45","45","30","2017","2,3,4,5","4","","No necessary in-game text","","","","","","expansion","","","","","","","","","","","","Plan B Games","English","2017","English edition"
"Century: Spice Road – Bonus Cards 2","263751","8","0","0","1","0","0","0","0","0","0","0","1","","","","","","101302065","5.60935","7.72868","1.25","0","789","thing","Century: Spice Road – Bonus Cards 2","2","5","45","45","30","2018","2,3,4,5","4","","No necessary in-game text","","","","","","expansion","","","","","","","","","","","","Plan B Games","English","2018","English edition"
"Century: Un Nouveau Monde","270970","0","0","0","1","0","0","0","0","0","0","0","3","","","","","","104263300","6.7199","7.27147","2.1101","879","12511","thing","Century: A New World","2","4","45","45","30","2019","2,3,4","3","8+","No necessary in-game text","","","","","","standalone","","","","","","","","","","C2","2025-09-07","Plan B Games","English","2019","English edition"
"Charivari","9403","3.5","0","0","1","0","0","0","0","0","0","0","3","","","","","","11656805","0","4.996","0","0","94","thing","Charivari","2","24","10","10","10","1986","","","10+","Unplayable in another language","","","","","","standalone","","","","","","","","","","","","","","",""
"Les Charlatans de Belcastel: Les Alchimistes","316597","0","0","0","1","0","0","0","0","0","0","0","1","","","","","","97635976","6.72878","7.86476","2.3095","0","14919","thing","The Quacks of Quedlinburg: The Alchemists","2","5","45","45","45","2021","2,3,4,5","3,4,5","10+","Moderate in-game text - needs crib sheet or paste ups","","","","","","expansion","","","","","","","","","","","","Schmidt Spiele","French","2021","French edition"
"Château Combo","416851","7.5","9","0","1","0","0","0","0","0","0","0","3","Lilojeux","","","","","123782714","7.3326","7.67655","1.7361","220","24964","thing","Castle Combo","2","5","25","25","10","2024","2,3,4","2","8+","Some necessary text - easily memorized or small crib sheet","","","","","","standalone","","","","","","","","","","20X5","2025-09-07","Catch Up Games","French","2024","French edition"
"Château Combo: Au cachot!","448182","0","0","0","1","0","0","0","0","0","0","0","3","","","","","","139247241","5.96881","7.9895","1.8235","0","3822","thing","Castle Combo: Out of the Oubliette!","2","5","25","25","10","2025","2,3,4,5","2,3","8+","Some necessary text - easily memorized or small crib sheet","","","","","","expansion","","","","","","","","","","","","Catch Up Games","French","2025","French edition"
"Chimera Station","163642","0","1","0","1","0","0","0","0","0","0","0","3","Game Brewer.com","","","","","70783489","6.45311","7.18112","3.1429","1444","4822","thing","Chimera Station","2","4","90","90","60","2017","2,3,4","3","12+","Moderate in-game text - needs crib sheet or paste ups","","","","","","standalone","","","","","","","","","","C1","2025-09-07","Game Brewer","Dutch; French","2017","Dutch/French first edition"
"Chronicles of Avel","347137","8","3","0","1","0","0","0","0","0","0","0","3","EspaceJeux","","","","","91080840","6.54436","7.49782","1.9485","1213","7474","thing","Chronicles of Avel","1","4","60","60","60","2021","1,2,3,4","3,4","6+","No necessary in-game text","","","","","","standalone","","","","","","","","","","ML","2025-09-07","Rebel Studio","English; French","0","English/French edition"
"Chronicles of Avel: Adventurer's Toolkit","349397","0","0","0","1","0","0","0","0","0","0","0","3","BoardgameBliss","","","","","94186371","5.84321","7.70641","2","0","2243","thing","Chronicles of Avel: Adventurer's Toolkit","1","4","90","90","60","2021","1,2,3,4","1,3,4","6+","No necessary in-game text","","","","","","expansion","","","","","","","","","","","","","","",""
"Chronicles of Crime","239188","7","0","0","1","0","0","0","0","0","0","0","3","Kickstarter","My group just loved this game! It blend some good narrative and easy mechanics, for myself I still prefer Detective Modern crime game for the more serious tone, but this one is a hit with the whole family, so it deserve a High 9.5/10, one of the best of 2018.","","","","50412098","7.14941","7.53085","2.0614","347","41805","thing","Chronicles of Crime","1","4","90","90","60","2018","1,2,3","2","12+","Extensive use of text - massive conversion needed to be playable","","","","","","standalone","","","","","","","","","","","","","","",""
"Circus Flohcati","337","0","0","0","1","0","0","0","0","0","0","0","3","Gamefound","","","","","120325793","6.23419","6.7109","1.2314","2107","6073","thing","Circus Flohcati","2","5","15","15","15","2024","2,3,4,5","4","6+","No necessary in-game text","","","","","","standalone","","","","","","","","","","","","25th Century Games","English","2024","25th Century Games English edition"
"Cities","402676","8","0","0","1","0","0","0","0","0","0","0","3","","","","","","121667746","6.66766","7.28543","1.8857","977","9254","thing","Cities","2","4","45","45","45","2024","2,3,4","4","10+","Some necessary text - easily memorized or small crib sheet","","","","","","standalone","","","","","","","","","","B4","2025-09-07","Devir","English","2024","English edition"
"Clank! Dans l'espace!","233371","8","2","0","1","0","0","0","0","0","0","0","1","","","","","","56239871","7.42668","7.75808","2.5738","162","23436","thing","Clank! In! Space!: A Deck-Building Adventure","2","4","90","90","45","2018","2,3,4","3","10+","Moderate in-game text - needs crib sheet or paste ups","","","","","","standalone","","","","","","","","","","","","Renegade Game Studios","French","2018","French edition"
"Clank! Dans l'espace!: Destruction planétaire","257662","0","0","0","1","0","0","0","0","0","0","0","3","","","","","","72211708","5.54812","7.75893","2","0","397","thing","Clank! In! Space!: Apocalypse! – Planetary Destruction","2","4","60","60","60","2019","2,3,4","3","","Moderate in-game text - needs crib sheet or paste ups","","","","","","expansion","","","","","","","","","","","","Renegade Game Studios","French","2019","French edition"
"Clank! In! Space! Adventures: Pulsarcade","333536","0","0","0","1","0","0","0","0","0","0","0","1","401Games","","","","","85258437","5.77031","8.01275","2.5","0","2360","thing","Clank! In! Space! Adventures: Pulsarcade","2","4","60","60","60","2021","2,3,4","2,3","12+","Moderate in-game text - needs crib sheet or paste ups","","","","","","expansion","","","","","","","","","","","","Dire Wolf; Renegade Game Studios","English","2021","English edition"
"Clank! In! Space!: Apocalypse!","254470","0","0","0","1","0","0","0","0","0","0","0","3","","","","","","63417590","6.53607","8.05194","2.45","0","7036","thing","Clank! In! Space!: Apocalypse!","2","4","90","90","45","2018","2,3,4","3","8+","Moderate in-game text - needs crib sheet or paste ups","","","","","","expansion","","","","","","","","","","","","","","",""
"Clank!: Catacombes","365717","0","0","0","1","0","0","0","0","0","0","0","3","","","","","","124268183","7.77614","8.22828","2.4888","49","25087","thing","Clank!: Catacombs","2","4","90","90","45","2024","2,3,4","3","10+","Moderate in-game text - needs crib sheet or paste ups","","","","","","standalone","","","","","","","","","","A4","2025-09-07","Dire Wolf; Origames","French","2024","French edition"
"Clans of Caledonia","216132","8.5","1","0","1","0","0","0","0","0","0","0","2","","","","","","43606689","7.67852","7.94478","3.4675","76","24951","thing","Clans of Caledonia","1","4","120","120","30","2018","1,2,3,4","4","12+","No necessary in-game text","","","","","","standalone","","","","","","","","","","B2","2024-09-09","Pixie Games","French","2018","French edition"
"Clans of Caledonia: Industria","391913","0","0","0","1","0","0","0","0","0","0","0","3","","","","","","132008821","5.97079","8.09299","3.76","0","3592","thing","Clans of Caledonia: Industria","1","4","120","120","30","2025","1,2,3,4","4","14+","","","","","","","expansion","","","","","","","","","","","","Karma Games","English","2025","English edition"
"Clash of Cultures","40765","0","1","0","1","0","0","0","0","0","0","0","1","","","","","","17368009","6.94402","7.56011","3.6119","567","6453","thing","Clash of Cultures","2","4","240","240","180","2012","2,3,4","3,4","14+","Extensive use of text - massive conversion needed to be playable","","","","","","standalone","","","","","","","","","","A1","2024-09-17","Z-Man Games","French","2012","French edition"
"Clash of Cultures: Civilizations","146244","0","0","0","1","0","0","0","0","0","0","0","3","","","","","","20137417","6.29563","8.40295","3.8","0","1961","thing","Clash of Cultures: Civilizations","2","4","240","240","180","2014","2,3,4","4","14+","Extensive use of text - massive conversion needed to be playable","","","","","","expansion","","","","","","","","","","","","","","",""
"Cléopatre et la Societé des Architectes","22141","0","0","0","1","0","0","0","0","0","0","0","3","","","","","","11656693","6.43967","6.79985","2.2818","1482","8427","thing","Cleopatra and the Society of Architects","3","5","60","60","60","2006","3,4,5","4","10+","Some necessary text - easily memorized or small crib sheet","","","","","","standalone","","","","","","","","","","B5","2021-07-11","Days of Wonder","French","2006","French edition"
"Codex Naturalis","314503","0","3","0","1","0","0","0","0","0","0","0","1","BoardgameBliss","","","","","82264520","6.7044","7.21584","1.7632","915","12978","thing","Codex Naturalis","1","4","30","30","20","2021","2,3,4","2,3","8+","No necessary in-game text","","","","","","standalone","","","","","","","","","","BAC#1","2024-09-25","","","",""
"Coexist: HISA 5-Player Expansion","446956","0","0","0","1","0","0","0","0","0","0","0","3","","","","","","138732472","0","8.4","0","0","92","thing","Coexist: HISA 5-Player Expansion","2","5","0","0","0","2025","","","","","","","","","","expansion","","","","","","","","","","","","Matagot","English","2025","English edition"
"Coimbra","245638","8.8","5","0","1","0","0","0","0","0","0","0","1","","","","","","49250960","7.25192","7.59642","3.244","263","16876","thing","Coimbra","2","4","90","90","60","2018","2,3,4","3","12+","Some necessary text - easily memorized or small crib sheet","","","","","","standalone","","","","","","","","","","K2C","2024-09-12","","","",""
"Colosseum: The Grand Spectacle","447850","0","0","0","1","0","0","0","0","0","1","0","3","Gamefound","","","","","133165585","5.52733","7.74282","2.7143","17320","110","thing","Colosseum: The Grand Spectacle","1","5","90","90","60","2026","2,3,4,5","2,5","","No necessary in-game text","","","","","","standalone","","","","","","","","","","","","Fantasia Games","English","2026","English edition"
"Combopolis","320282","0","0","0","1","0","0","0","0","0","0","0","3","Kickstarter","","","","","75237064","5.71284","7.17787","2.1","0","3166","thing","Combopolis","1","4","15","15","15","2021","1,2","1","10+","","","","","","","expansion","","","","","","","","","","","","Button Shy","English","2021","English Sleeve edition"
"La Communauté de l'Anneau: le jeu de plis coopératif – Les Présents de Galadriel","429649","0","0","0","1","0","0","0","0","0","0","0","3","","","","","","129205983","5.65815","7.33128","2","0","2354","thing","The Lord of the Rings: The Fellowship of the Ring – Trick-Taking Game: Gifts of Galadriel","1","4","20","20","20","2025","1,2,3,4","4","10+","Moderate in-game text - needs crib sheet or paste ups","","","","","","expansion","","","","","","","","","","","","Game Office","French","2025","French edition"
"Compania","436511","0","0","0","1","0","0","0","0","0","0","0","3","","","","","","143208634","5.72057","7.38224","2.7857","5933","773","thing","Compania","1","6","90","90","60","2026","3,4,5,6","5","10+","Some necessary text - easily memorized or small crib sheet","","","","","","standalone","","","","","","","","","","","","Level 99 Games","English","2026","English edition"
"Concordia","124361","8.5","1","0","1","0","0","0","0","0","0","0","1","","","","","","29082975","7.92512","8.07648","2.987","29","51898","thing","Concordia","2","5","100","100","100","2013","2,3,4,5","4","12+","Moderate in-game text - needs crib sheet or paste ups","","","","","","standalone","","","","","","","","","","B6","2024-09-09","","","",""
"Concordia: Aegyptus / Creta","232917","0","0","0","1","0","0","0","0","0","0","0","1","","","","","","47603944","6.53932","8.25643","3","0","7081","thing","Concordia: Aegyptus / Creta","2","5","90","90","90","2017","2,3,4","2,3","12+","No necessary in-game text","","","","","","expansion","","","","","","","","","","","","","","",""
"Concordia: Britannia / Germania","165023","0","0","0","1","0","0","0","0","0","0","0","1","","","","","","47604234","6.61537","8.08859","3.0469","0","7646","thing","Concordia: Britannia / Germania","2","5","90","90","90","2014","2,3,4,5","4","12+","No necessary in-game text","","","","","","expansion","","","","","","","","","","","","","","",""
"Concordia: Gallia / Corsica","208364","0","0","0","1","0","0","0","0","0","0","0","1","","","","","","47604229","6.46494","8.21035","2.85","0","6939","thing","Concordia: Gallia / Corsica","2","5","90","90","90","2016","2,3,4,5","2,4","12+","No necessary in-game text","","","","","","expansion","","","","","","","","","","","","","","",""
"Concordia: Salsa","181084","0","0","0","1","0","0","0","0","0","0","0","1","","","","","","47514031","7.34521","8.29847","3.0549","0","15131","thing","Concordia: Salsa","2","5","90","90","90","2016","2,3,4,5","4","12+","Moderate in-game text - needs crib sheet or paste ups","","","","","","expansion","","","","","","","","","","B4","2021-07-11","Rio Grande Games","English","2016","English first edition"
"Corinth","269725","0","6","0","1","0","0","0","0","0","0","0","3","","","","","","70052626","6.2194","6.74068","1.6508","2172","6335","thing","Corinth","2","4","30","30","20","2019","2,3,4","3","8+","No necessary in-game text","","","","","","standalone","","","","","","","","","","A2","2024-09-25","Days of Wonder","English; French","2019","English/French edition"
"Council of 4","173101","9","1","0","1","0","0","0","0","0","0","0","3","","","","","","52993112","6.42019","7.11257","2.6887","1526","4499","thing","Council of 4","2","4","75","75","40","2015","2,3,4","3,4","10+","No necessary in-game text","","","","","","standalone","","","","","","","","","","C2","2024-09-25","","","",""
"Council of Shadows","368954","0","0","0","1","0","0","0","0","0","0","0","3","","","","","","106315299","6.03311","7.22225","3.0847","3012","2505","thing","Council of Shadows","1","4","90","90","60","2023","1,2,3,4","3","12+","No necessary in-game text","","","","","","standalone","","","","","","","","","","E6","2024-09-25","alea","English; French","2023","English/French edition"
"La Couronne d'Emara","256570","8","0","0","1","0","0","0","0","0","0","0","1","Benjo.ca","","","","","54969260","6.67272","7.34714","3.0426","966","6255","thing","Crown of Emara","1","4","75","75","45","2019","1,2,3,4","3","12+","No necessary in-game text","","","","","","standalone","","","","","","","","","","A3","2024-09-25","Matagot","French","2019","French edition"
"Covert","187653","8","0","0","1","0","0","0","0","0","0","0","3","","","","","","36090278","6.11736","7.03247","3","2582","2798","thing","Covert","2","4","90","90","45","2016","2,3,4","2","8+","Some necessary text - easily memorized or small crib sheet","","","","","","standalone","","","","","","","","","","C2","2024-09-25","Renegade Game Studios","English","2016","English edition"
"Crafting the Cosmos","424785","8","6","0","1","0","0","0","0","0","0","0","3","","","","","","134123362","5.7671","6.94947","2.8421","5204","778","thing","Crafting the Cosmos","2","4","90","90","60","2025","2,3,4","2","10+","Some necessary text - easily memorized or small crib sheet","","","","","","standalone","","","","","","","","","","","","Office Dog","French","2025","French edition"
"Creature Comforts: Dreams Come True Micro-Expansion","359207","0","0","0","1","0","0","0","0","0","0","0","3","","","","","","93337336","5.61083","7.3006","2.5","0","1061","thing","Creature Comforts: Dreams Come True Micro-Expansion","1","5","45","45","45","2022","3","1","8+","Moderate in-game text - needs crib sheet or paste ups","","","","","","expansion","","","","","","","","","","","","KTBG","English","2022","English edition"
"Creature Comforts: Talents Micro-Expansion","359206","0","0","0","1","0","0","0","0","0","0","0","3","","","","","","93337344","5.61842","7.49062","2.5","0","1064","thing","Creature Comforts: Talents Micro-Expansion","1","5","45","45","45","2022","3","1","8+","Moderate in-game text - needs crib sheet or paste ups","","","","","","expansion","","","","","","","","","","","","KTBG","English","2022","English edition"
"Crusaders: Thy Will Be Done","170624","0","0","0","1","0","0","0","0","0","0","0","3","","","","","","114799914","6.87026","7.47608","2.4771","658","7884","thing","Crusaders: Thy Will Be Done","2","4","60","60","40","2022","2,3,4","3,4","10+","Some necessary text - easily memorized or small crib sheet","","","","","","standalone","","","","","","","","","","A5","2024-09-25","Renegade Game Studios","English","2022","English deluxe second edition"
"Cryo","330608","7.5","0","0","1","0","0","0","0","0","0","0","3","","","","","","104263273","6.32862","7.19028","2.7791","1779","4154","thing","Cryo","2","4","90","90","60","2021","2,3,4","3","12+","Moderate in-game text - needs crib sheet or paste ups","","","","","","standalone","","","","","","","","","","E8","2024-09-25","Z-Man Games","English","2021","English edition"
"Crystal Palace","280480","0","0","0","1","0","0","0","0","0","0","0","3","EspaceJeux.tv 80$","","","","","68229656","6.7239","7.49478","3.7739","871","5931","thing","Crystal Palace","2","5","150","150","60","2019","2,3,4","3","14+","No necessary in-game text","","","","","","standalone","","","","","","","","","","C3","2024-09-25","Super Meeple","French","2019","French edition"
"CuBirds","245476","7.5","4","0","1","0","0","0","0","0","0","0","3","BoardGame Bandit","","","","","87500760","6.56539","6.8953","1.3099","1169","13317","thing","CuBirds","2","5","20","20","20","2020","2,3,4,5","3","8+","No necessary in-game text","","","","","","standalone","","","","","","","","","","BAC#3","2024-09-25","Ultra PRO","English","2020","English 2020 edition"
"The Daily Weather","457552","0","0","0","1","0","0","0","0","0","1","0","3","Kickstarter","","","","","142286069","5.53213","7.32083","2","16205","228","thing","The Daily Weather","1","1","5","5","5","2026","1","1","8","","","","","","","standalone","","","","","","","","","","","","Button Shy","English","2026","English Wallet edition"
"Daitoshi","402677","8.5","0","0","1","0","0","0","0","0","0","0","3","BGBliss","","","","","113121160","6.25323","7.46238","3.9537","2028","3818","thing","Daitoshi","1","4","120","120","120","2024","2,3","3","10+","No necessary in-game text","","","","","","standalone","","","","","","","","","","","","Devir","Catalan; English; Spanish","2024","CA/EN/ES edition"
"Darwin's Journey: Animal Companion","383591","0","0","0","1","0","0","0","0","0","0","0","3","","","","","","106355636","5.69658","7.97549","1.5","0","1674","thing","Darwin's Journey: Animal Companion","1","4","120","120","60","2023","1,2,3","2,3","14+","","","","","","","expansion","","","","","","","","","","","","ThunderGryph Games","English","2023","English edition"
"Darwin's Journey: Collector's Edition","328413","9.5","0","0","1","0","0","0","0","0","0","0","3","","","","","","106355638","6.69283","8.55672","3.8654","0","4588","thing","Darwin's Journey: Collector's Edition","1","4","120","120","60","2023","1,2,3,4","3","12+","No necessary in-game text","","","","","","standalone","","","","","","","","","","E6","2024-09-25","ThunderGryph Games","English","2023","English edition"
"Darwin's Journey: Darwin Worker Mini-Expansion","332712","0","0","0","1","0","0","0","0","0","0","0","3","","","","","","106355647","5.6605","7.74176","2.25","0","2733","thing","Darwin's Journey: Darwin Worker Mini-Expansion","1","4","120","120","60","2023","","","","No necessary in-game text","","","","","","expansion","","","","","","","","","","","","ThunderGryph Games","English","2023","English edition"
"Darwin's Journey: Falmouth Port Mini-Expansion","337115","0","0","0","1","0","0","0","0","0","0","0","3","","","","","","106355649","5.64364","7.66572","3.4","0","2595","thing","Darwin's Journey: Falmouth Port Mini-Expansion","1","4","120","120","60","2023","","","","No necessary in-game text","","","","","","expansion","","","","","","","","","","","","ThunderGryph Games","English","2023","English edition"
"Darwin's Journey: Fireland Expansion","365448","0","0","0","1","0","0","0","0","0","0","0","3","","","","","","142303260","6.23246","8.26255","4.15","0","4563","thing","Darwin's Journey: Fireland Expansion","1","4","120","120","60","2023","1,2,3,4","3","14+","No necessary in-game text","","","","","","expansion","","","","","","","","","","","","Blackrock Games; ThunderGryph Games","French","2023","French edition"
"Darwin's Journey: Golden Tent Mini-Expansion","438028","0","0","0","1","0","0","0","0","0","0","0","3","","","","","","142303238","5.55577","7.97966","3","0","1257","thing","Darwin's Journey: Golden Tent Mini-Expansion","1","4","120","120","60","2025","","","","","","","","","","expansion","","","","","","","","","","","","ThunderGryph Games","English","2025","English edition"
"Darwin's Journey: Great Ship","393999","0","0","0","1","0","0","0","0","0","0","0","3","","","","","","142303376","5.61958","8.03347","2","0","1283","thing","Darwin's Journey: Great Ship","1","4","120","120","60","2023","1,2,3","2","14+","","","","","","","expansion","","","","","","","","","","","","ThunderGryph Games","English","2023","English edition"
"Darwin's Journey: Komodo Dragon","425791","0","0","0","1","0","0","0","0","0","0","0","3","","","","","","142303242","5.57413","7.97949","3","0","1505","thing","Darwin's Journey: Komodo Dragon","2","4","120","120","60","2024","","","","","","","","","","expansion","","","","","","","","","","","","ThunderGryph Games","English","2024","English edition"
"Darwin's Journey: Oceania","434329","0","0","0","1","0","0","0","0","0","0","0","3","","","","","","132008875","5.71273","8.03491","4.4","0","2244","thing","Darwin's Journey: Oceania","1","4","120","120","60","2026","2,3,4","3","","No necessary in-game text","","","","","","expansion","","","","","","","","","","","","ThunderGryph Games","French","2026","French edition"
"Darwin's Journey: Pirates mini-expansion","394010","0","0","0","1","0","0","0","0","0","0","0","3","","","","","","142303365","5.57308","7.62528","2","0","1225","thing","Darwin's Journey: Pirates mini-expansion","1","4","120","120","60","2023","1,2,3","2","14+","","","","","","","expansion","","","","","","","","","","","","ThunderGryph Games","English","2023","English edition"
"Darwin's Journey: Scenarios Mini-Expansion","394005","0","0","0","1","0","0","0","0","0","0","0","3","","","","","","142303369","5.59396","7.95204","1.5","0","1269","thing","Darwin's Journey: Scenarios Mini-Expansion","1","4","120","120","60","2023","","","","","","","","","","expansion","","","","","","","","","","","","ThunderGryph Games","English","2023","English edition"
"Deep Sea Adventure","169654","0","4","0","1","0","0","0","0","0","0","0","3","","","","","","115888900","6.68828","6.8643","1.1843","938","37225","thing","Deep Sea Adventure","2","6","30","30","30","2014","3,4,5,6","4","8+","No necessary in-game text","","","","","","standalone","","","","","","","","","","","","","","",""
"Délits d'initiés","161614","0","0","0","1","0","0","0","0","0","0","0","3","","","","","","144297809","6.95174","7.4169","2.1262","558","8293","thing","Stockpile","2","5","45","45","45","2025","3,4,5","4,5","12+","No necessary in-game text","","","","","","standalone","","","","","","","","","","","","Matagot","French","2025","French edition"
"Delta","368263","7.5","0","0","1","0","0","0","0","0","0","0","3","Kickstarter/ Pledge manager Gamefound","","","","","99133912","5.8189","7.31348","3.1667","4595","1390","thing","Delta","2","4","120","120","90","2023","2,3","3","10+","No necessary in-game text","","","","","","standalone","","","","","","","","","","B1","2024-09-25","Game Brewer","Dutch; English; French; German","2023","EN/DE/FR/NL Deluxe edition"
"Déole","357258","0","1","0","1","0","0","0","0","0","0","0","3","","","","","","140255850","5.53249","7.15625","2.25","16118","97","thing","Déole","1","4","60","60","25","2022","1,4","4","8+","","","","","","","standalone","","","","","","","","","","","","Prétexte SAS","French","2022","French edition"
"Destinies","285192","0","0","0","1","0","0","0","0","0","0","0","1","","","","","","119244509","7.08","7.64535","1.919","412","18703","thing","Destinies","1","3","150","150","90","2021","1,2,3","2","10+","Extensive use of text - massive conversion needed to be playable","","","","","","standalone","","","","","","","","","","","","Lucky Duck Games","French","2021","French edition"
"Destinies: Mer de Sable","303836","0","0","0","1","0","0","0","0","0","0","0","1","","","","","","119244515","6.07449","7.77868","2.0833","0","6800","thing","Destinies: Sea of Sand","1","3","150","150","90","2021","1,2,3","2","10+","Extensive use of text - massive conversion needed to be playable","","","","","","expansion","","","","","","","","","","","","Lucky Duck Games","French","2021","French edition"
"Destinies: Sorcebois","368270","0","0","0","1","0","0","0","0","0","0","0","1","","","","","","119244518","5.8393","8.26647","2","0","3616","thing","Destinies: Witchwood","1","3","150","150","90","2023","1,2,3","2","10+","Extensive use of text - massive conversion needed to be playable","","","","","","expansion","","","","","","","","","","","","Lucky Duck Games","French","2023","French edition"
"Dewan","439742","0","0","0","1","0","0","0","0","0","0","0","3","","","","","","142725727","6.24488","7.3739","2.0962","2056","2344","thing","Dewan","2","4","40","40","40","2026","2,3,4","3","10+","No necessary in-game text","","","","","","standalone","","","","","","","","","","","","Space Cowboys","French","2026","French edition"
"Diamant","15512","0","7","0","1","0","0","0","0","0","0","0","3","","","","","","132914029","6.71001","6.84801","1.1135","900","33159","thing","Diamant","3","8","40","40","20","2024","3,4,5,6,7,8","6,7,8","6+","No necessary in-game text","","","","","","standalone","","","","","","","","","","","","IELLO","French","2024","French edition 2024"
"Dice Realms","288080","8","0","0","1","0","0","0","0","0","0","0","3","","","","","","96010889","6.07752","7.09442","2.3784","2778","2328","thing","Dice Realms","1","4","60","60","45","2022","2,3,4","2","8+","Some necessary text - easily memorized or small crib sheet","","","","","","standalone","","","","","","","","","","E5","2024-09-25","Rio Grande Games","English","2022","English first edition"
"Dice Settlers: Married Bliss Promo Card","266239","0","0","0","1","0","0","0","0","0","0","0","3","","","","","","56287485","0","7.02222","0","0","186","thing","Dice Settlers: Married Bliss Promo Card","1","4","60","60","45","2018","","","","","","","","","","expansion","","","","","","","","","","","","(Self-Published)","English","2018","English edition"
"Dionysia","434860","0","0","0","1","0","0","0","0","0","0","0","3","","","","","","132008926","5.62136","7.17704","1.8571","8448","928","thing","Dionysia","2","2","15","15","15","2025","1,2","2","8+","","","","","","","standalone","","","","","","","","","","","","Button Shy","English","2025","English Wallet edition"
"Dionysia: Muse of Tragedy","440373","0","0","0","1","0","0","0","0","0","0","0","3","","","","","","135433705","5.52317","7.15625","1","0","575","thing","Dionysia: Muse of Tragedy","2","2","15","15","15","2025","1,2","1,2","","","","","","","","expansion","","","","","","","","","","","","Button Shy","English","2025","English Sleeve edition"
"Dionysia: Soliloquy","439725","0","0","0","1","0","0","0","0","0","0","0","3","","","","","","135433707","5.52691","6.86739","1","0","588","thing","Dionysia: Soliloquy","1","1","15","15","15","2025","1","1","","","","","","","","expansion","","","","","","","","","","","","Button Shy","English","2025","English Sleeve edition"
"Disney Lorcana","369646","8","0","0","1","0","0","0","0","0","0","0","3","","","","","","109320496","6.45349","7.21661","2.1266","1442","6840","thing","Disney Lorcana","2","6","0","0","0","2023","2","2","8+","Moderate in-game text - needs crib sheet or paste ups","","","","","","standalone","","","","","","","","","","","","Ravensburger AG","English","2023","English edition"
"Distilled","295895","8","0","0","1","0","0","0","0","0","0","0","3","","","","","","105690494","7.23135","7.75265","3.034","277","14843","thing","Distilled","1","5","150","150","30","2022","1,2,3,4","3","12+","Moderate in-game text - needs crib sheet or paste ups","","","","","","standalone","","","","","","","","","","B1","2024-09-17","Matagot; Paverson Games","French","2022","French edition"
"Distilled: extension Afrique et Moyen Orient","342219","0","0","0","1","0","0","0","0","0","0","0","3","","","","","","105693423","6.17494","8.14506","2.8333","0","6123","thing","Distilled: Africa & Middle East Expansion","1","5","120","120","30","2023","1,2,3,4","2,3","","Extensive use of text - massive conversion needed to be playable","","","","","","expansion","","","","","","","","","","","","Matagot; Paverson Games","French","2023","French edition"
"Distilled: Promo Pack 1","376295","0","0","0","1","0","0","0","0","0","0","0","3","","","","","","105690500","5.79046","8.11862","3","0","2795","thing","Distilled: Promo Pack 1","1","5","0","0","0","2023","","","","Moderate in-game text - needs crib sheet or paste ups","","","","","","expansion","","","","","","","","","","","","Paverson Games","English","2023","English edition"
"Djinn","384150","0","0","0","1","0","0","0","0","0","0","0","3","","","","","","116534447","5.98879","7.24396","2.9524","3254","1904","thing","Djinn","1","4","90","90","60","2023","1,2,3,4","3","12+","Some necessary text - easily memorized or small crib sheet","","","","","","standalone","","","","","","","","","","E2","2024-09-25","Hall Games; Pegasus Spiele","English","2023","English edition"
"Dominion","36218","7.5","50","0","1","0","0","0","0","0","0","0","1","","","","","","16609205","7.47399","7.59758","2.3444","146","130720","thing","Dominion","2","4","30","30","30","2008","2,3,4","3","10+","Moderate in-game text - needs crib sheet or paste ups","","","","","","standalone","","","","","","","","","","B6","2024-09-12","Filosofia Éditions","French","2008","French first edition"
"Dominion: Abondance","90850","0","0","0","1","0","0","0","0","0","0","0","3","","","","","","141465154","7.0327","7.67279","2.3862","0","15560","thing","Dominion: Cornucopia","2","4","30","30","30","2011","2,3,4","3","10+","Extensive use of text - massive conversion needed to be playable","","","","","","expansion","","","","","","","","","","","","Filosofia Éditions","French","2011","Filosofia French edition"
"Dominion: L'Intrigue","40834","7.5","2","0","1","0","0","0","0","0","0","0","1","","","","","","21130094","7.50095","7.68606","2.4112","133","51453","thing","Dominion: Intrigue","2","6","30","30","30","2009","2,3,4","3","10+","Moderate in-game text - needs crib sheet or paste ups","","","","","","standalone","","","","","","","","","","B6+BASE","2024-09-09","Filosofia Éditions","French","0","French edition"
"Dominion: Prospérité","66690","0","0","0","1","0","0","0","0","0","0","0","1","","","","","","100877322","7.81556","8.2211","2.4724","0","35105","thing","Dominion: Prosperity","2","4","30","30","30","2013","2,3,4","3","10+","Extensive use of text - massive conversion needed to be playable","","","","","","expansion","","","","","","","","","","","","Ystari Games","French","2013","Ystari French edition"
"Downforce","215311","0","2","0","1","0","0","0","0","0","0","0","1","","","","","","55752685","6.99129","7.2539","1.7331","512","20462","thing","Downforce","2","6","40","40","20","2017","2,3,4,5,6","3,6","8+","Some necessary text - easily memorized or small crib sheet","","","","","","standalone","","","","","","","","","","E3","2024-09-17","","","",""
"Downforce: Danger Circuit","242213","0","0","0","1","0","0","0","0","0","0","0","3","BoardGameBliss","","","","","65599429","6.44438","7.78077","1.8462","0","5677","thing","Downforce: Danger Circuit","2","6","40","40","20","2018","2,3,4,5,6","3,6","6+","Moderate in-game text - needs crib sheet or paste ups","","","","","","expansion","","","","","","","","","","","","","","",""
"Draftosaurus","264055","0","16","0","1","0","0","0","0","0","0","0","1","","","","","","60840619","6.85585","7.08086","1.2417","681","27835","thing","Draftosaurus","2","5","15","15","15","2019","2,3,4,5","4","6+","No necessary in-game text","","","","","","standalone","","","","","","","","","","A2","2024-09-25","","","",""
"Dragon Castle","232219","0","10","0","1","0","0","0","0","0","0","0","3","","","","","","51696761","6.71112","7.09516","1.9874","896","12192","thing","Dragon Castle","1","4","45","45","30","2017","2,3,4","2","8+","No necessary in-game text","","","","","","standalone","","","","","","","","","","20X5","2024-09-25","","","",""
"Dragonkeepers","383109","8","1","0","1","0","0","0","0","0","0","0","3","","","","","","111282938","6.20754","7.07496","1.9583","2210","4661","thing","Dragonkeepers","2","4","20","20","20","2023","2,3,4","3","8+","No necessary in-game text","","","","","","standalone","","","","","","","","","","A2","2024-09-25","KOSMOS","English","2023","English edition"
"Drop It","244916","0","3","0","1","0","0","0","0","0","0","0","3","","","","","","77552831","6.29024","6.88608","1.0862","1912","4915","thing","Drop It","2","4","30","30","30","2019","2,3,4","2,4","5+","No necessary in-game text","","","","","","standalone","","","","","","","","","","Enfants","","KOSMOS","English","2019","English first edition, second printing"
"The Druids of Edora","440007","0","0","0","1","0","0","0","0","0","0","0","3","","","","","","141377956","6.51775","7.87149","3.1038","1286","3573","thing","The Druids of Edora","2","4","90","90","60","2025","2,3,4","3,4","12+","No necessary in-game text","","","","","","standalone","","","","","","","","","","","","alea","Dutch; English; French; German; Italian; Spanish","2025","Multilingual edition"
"Dune: Imperium","316554","9","1","0","1","0","0","0","0","0","0","0","2","","","","","","78759812","8.22168","8.41063","3.0779","6","78246","thing","Dune: Imperium","1","4","120","120","60","2021","1,2,3,4","3,4","12+","Moderate in-game text - needs crib sheet or paste ups","","","","","","standalone","","","","","","","","","","B6","2024-09-09","Dire Wolf; Lucky Duck Games","French","2021","French edition"
"Dune: Imperium – Immortalité","367466","0","0","0","1","0","0","0","0","0","0","0","3","","","","","","105121023","7.5129","8.54165","3.3265","0","19418","thing","Dune: Imperium – Immortality","1","4","120","120","60","2023","1,2,3,4","3,4","12+","Moderate in-game text - needs crib sheet or paste ups","","","","","","expansion","","","","","","","","","","","","Dire Wolf; Lucky Duck Games","French","2023","French edition"
"Dune: Imperium – Jessica d'Arrakis","326431","0","0","0","1","0","0","0","0","0","0","0","3","","","","","","83363295","5.98145","8.01941","2.6154","0","4110","thing","Dune: Imperium – Jessica of Arrakis Promo Card","1","4","120","120","60","2021","1,2,3,4","3,4","12+","Moderate in-game text - needs crib sheet or paste ups","","","","","","expansion","","","","","","","","","","","","Dire Wolf","French","2021","French edition"
"Dune: Imperium – L'Avènement d'Ix","342031","0","0","0","1","0","0","0","0","0","0","0","1","","","","","","101878610","8.09325","8.80052","3.2312","0","29200","thing","Dune: Imperium – Rise of Ix","1","4","120","120","60","2022","1,2,3,4","3,4","12+","Moderate in-game text - needs crib sheet or paste ups","","","","","","expansion","","","","","","","","","","","","","","",""
"Dungeons, Dice & Danger","349463","7.5","0","0","1","0","0","0","0","0","0","0","3","","","","","","98107169","6.32041","7.01833","1.8857","1803","7594","thing","Dungeons, Dice & Danger","1","4","60","60","45","2022","1,2,3,4","2","10+","No necessary in-game text","","","","","","standalone","","","","","","","","","","","","alea","English; French; German; Italian; Spanish","2022","Multilingual edition"
"Earth","350184","9","13","0","1","0","0","0","0","0","0","0","3","Kickstarter","","","","","91310010","7.35578","7.61859","2.9106","209","35096","thing","Earth","1","5","90","90","45","2023","1,2,3,4","2,3","12+","Moderate in-game text - needs crib sheet or paste ups","","","","","","standalone","","","","","","","","","","B4","2024-09-12","Lucky Duck Games","French","2023","French edition"
"Earth: Kickstarter Goodies","383124","0","0","0","1","0","0","0","0","0","0","0","3","","","","","","121846727","5.68721","7.74507","3","0","2042","thing","Earth: Kickstarter Goodies","0","0","0","0","0","2023","","","10+","Some necessary text - easily memorized or small crib sheet","","","","","","expansion","","","","","","","","","","","","Lucky Duck Games","French","2023","French edition"
"Eclipse: Second Dawn for the Galaxy","246900","9","0","0","1","0","0","0","0","0","0","0","1","Direct Matagot","","","","","106802917","7.95865","8.38565","3.664","23","22116","thing","Eclipse: Second Dawn for the Galaxy","2","6","200","200","60","2020","2,3,4,5,6","4,6","12+","Some necessary text - easily memorized or small crib sheet","","","","","","standalone","","","","","","","","","","C5","2024-09-09","","","",""
"Egizia","58421","8","0","0","1","0","0","0","0","0","0","0","1","","","","","","14181755","6.81657","7.37886","2.832","737","4624","thing","Egizia","2","4","90","90","90","2011","2,3,4","4","10+","Moderate in-game text - needs crib sheet or paste ups","","","","","","standalone","","","","","","","","","","A5","","IELLO","French","2011","IELLO French edition"
"Eight-Minute Empire: Europe Expansion Board","142826","0","0","0","1","0","0","0","0","0","0","0","1","","","","","","19524174","5.5719","7.03388","1.5714","0","456","thing","Eight-Minute Empire: Europe Expansion Board","2","5","8","8","8","2013","2,3","2","","Some necessary text - easily memorized or small crib sheet","","","","","","expansion","","","","","","","","","","","","Red Raven Games","English","2013","First edition"
"Elysium","163968","8.5","1","0","1","0","0","0","0","0","0","0","3","","","","","","86948912","6.85634","7.18874","2.7679","679","14236","thing","Elysium","2","4","60","60","60","2015","2,3,4","3","12+","Some necessary text - easily memorized or small crib sheet","","","","","","standalone","","","","","","","","","","D3","2024-09-17","Space Cowboys","French","2015","French edition"
"Empire's End: Gloire et Déclin","356952","7.5","0","0","1","0","0","0","0","0","0","0","3","Kickstarter","","","","","100610488","6.20938","6.92622","2.4177","2201","4419","thing","Empire's End","2","4","60","60","45","2023","2,3,4","3,4","10+","Some necessary text - easily memorized or small crib sheet","","","","","","standalone","","","","","","","","","","E8","2024-09-25","Lucky Duck Games; Brotherwise Games","French","2023","French edition"
"Endeavor: Deep Sea","367966","8.5","1","0","1","0","0","0","0","0","0","0","3","Gamefound","","","","","121957352","7.67448","8.21685","2.9257","78","15895","thing","Endeavor: Deep Sea","1","4","120","120","60","2024","1,2,3,4","3","12+","Some necessary text - easily memorized or small crib sheet","","","","","","standalone","","","","","","","","","","","","Burnt Island Games; Grand Gamers Guild","English","2024","English edition"
"Endeavor: Deep Sea – Uncharted Waters","446892","0","0","0","1","0","0","0","0","0","1","0","3","Kickstarter","","","","","134751276","0","8.6","0","0","267","thing","Endeavor: Deep Sea – Uncharted Waters","1","5","90","90","45","2026","","","","","","","","","","expansion","","","","","","","","","","","","Burnt Island Games; Grand Gamers Guild","English","2026","English deluxe edition"
"Endless Winter: Ancestors","323060","0","0","0","1","0","0","0","0","0","0","0","3","Kickstarter","","","","","75691282","6.11707","7.92108","3.2222","0","7412","thing","Endless Winter: Ancestors","1","4","90","90","50","2022","1,2,3,4","2","","No necessary in-game text","","","","","","expansion","","","","","","","","","","","","Fantasia Games; Matagot","French","2022","French edition"
"Endless Winter: Cave Paintings","323058","0","0","0","1","0","0","0","0","0","0","0","3","Kickstarter","","","","","75691288","5.92122","7.79021","3.4286","0","6239","thing","Endless Winter: Cave Paintings","1","4","90","90","50","2022","1,2,3,4","3,4","","No necessary in-game text","","","","","","expansion","","","","","","","","","","","","Fantasia Games","French","2022","French edition"
"Endless Winter: Ceremonial Grounds Module","371163","0","0","0","1","0","0","0","0","0","0","0","3","","","","","","98389799","5.70255","7.52636","3","0","3583","thing","Endless Winter: Ceremonial Grounds Module","1","4","120","120","60","2022","2,3","2","","No necessary in-game text","","","","","","expansion","","","","","","","","","","","","Fantasia Games","English","2022","English edition"
"Endless Winter: Man VS Megalith Promo Card","361255","0","0","0","1","0","0","0","0","0","0","0","3","","","","","","104194293","5.53893","7.7148","0","0","643","thing","Endless Winter: Man VS Megalith Promo Card","1","4","120","120","60","2022","","","","","","","","","","expansion","","","","","","","","","","","","Fantasia Games","English","2022","English edition"
"Endless Winter: Paleoamericans","305096","8.5","0","0","1","0","0","0","0","0","0","0","3","Kickstarter","","","","","75246547","7.1593","7.61993","3.3255","340","18227","thing","Endless Winter: Paleoamericans","1","4","120","120","60","2022","1,2,3,4","3","12+","No necessary in-game text","","","","","","standalone","","","","","","","","","","K1C","2024-09-13","Fantasia Games; Matagot","French","2022","French edition"
"Endless Winter: Rivières et Radeaux","323056","0","0","0","1","0","0","0","0","0","0","0","3","Kickstarter","","","","","75691291","5.97676","7.83618","3.3333","0","6673","thing","Endless Winter: Rivers & Rafts","1","4","90","90","50","2022","2,3,4","2,3","","No necessary in-game text","","","","","","expansion","","","","","","","","","","","","Fantasia Games; Matagot","French","2022","French edition"
"Ère des Specialistes: Inventeurs du Tigre du Sud","427132","0","0","0","1","0","0","0","0","0","0","0","3","","","","","","129176728","5.65396","8.61372","4.5","0","1572","thing","Inventors of the South Tigris: Era of Experts","1","4","120","120","90","2025","","","","","","","","","","expansion","","","","","","","","","","","","","","",""
"Etherstone","412086","0","0","0","1","0","0","0","0","0","0","0","3","","","","","","132008592","6.21987","7.62463","2.4242","2169","2722","thing","Etherstone","2","4","60","60","30","2025","2,3,4","2","10+","Extensive use of text - massive conversion needed to be playable","","","","","","standalone","","","","","","","","","","","","ThunderGryph Games","English","2025","English deluxe edition"
"Ethnos","206718","7","3","0","1","0","0","0","0","0","0","0","1","","","","","","42486627","7.16535","7.45691","2.1091","334","16731","thing","Ethnos","2","6","60","60","45","2017","2,3,4,5,6","4","10+","Some necessary text - easily memorized or small crib sheet","","","","","","standalone","","","","","","","","","","","","CMON Global Limited","English","2017","English edition"
"Evenfall","396989","0","0","0","1","0","0","0","0","0","0","0","3","La Pioche","","","","","109355993","6.62523","7.60506","3.1074","1054","5323","thing","Evenfall","1","4","120","120","60","2024","1,2,3,4","2,3","12+","Extensive use of text - massive conversion needed to be playable","","","","","","standalone","","","","","","","","","","E3","2024-09-25","dlp games; Matagot; Nanox Games","French","2024","French edition"
"Evergreen","363307","8","7","0","1","0","0","0","0","0","0","0","1","","","","","","100149076","6.73867","7.44656","2.1333","849","7189","thing","Evergreen","1","4","45","45","45","2022","1,2,3,4","2","10+","No necessary in-game text","","","","","","standalone","","","","","","","","","","","","Horrible Guild","English","2022","English edition"
"Evergreen: Essen 2022 Promo Card","372323","0","0","0","1","0","0","0","0","0","0","0","1","","","","","","139026946","5.55402","7.52725","0","0","540","thing","Evergreen: Essen 2022 Promo Card","1","4","45","0","45","2022","","","","","","","","","","expansion","","","","","","","","","","","","","","",""
"Evergreen: Pines and Cacti","400944","8","0","0","1","0","0","0","0","0","0","0","3","BGBliss","","","","","113385330","5.69599","7.8529","2.3333","0","1683","thing","Evergreen: Pines and Cacti","1","4","45","45","45","2023","1,2,3,4","2","8+","","","","","","","expansion","","","","","","","","","","","","Horrible Guild","English","2023","English edition"
"Evo (Second Edition)","107255","8","0","0","1","0","0","0","0","0","0","0","3","","","","","","15782503","6.19843","6.93133","2.3617","2239","2440","thing","Evo (Second Edition)","2","5","60","60","60","2011","3,4,5","4,5","10+","Moderate in-game text - needs crib sheet or paste ups","","","","","","standalone","","","","","","","","","","A7","2021-07-11","asmodee","French","2011","French edition"
"Evolution","155703","7.5","0","0","1","0","0","0","0","0","0","0","3","","","","","","42061919","6.78048","7.00303","2.4288","783","25189","thing","Evolution","2","6","60","60","60","2016","2,3,4,5,6","4","10+","Moderate in-game text - needs crib sheet or paste ups","","","","","","standalone","","","","","","","","","","C1","2021-12-12","Funforge","French","2016","French edition"
"Evolution: Climat","182134","0","0","0","1","0","0","0","0","0","0","0","1","","","","","","51290204","6.96821","7.44122","2.7354","536","14242","thing","Evolution: Climate","2","6","60","60","60","2016","2,3,4,5","4","10+","Moderate in-game text - needs crib sheet or paste ups","","","","","","standalone","","","","","","","","","","","","","","",""
"Excalibur","434172","8","0","0","1","0","0","0","0","0","0","0","3","Kickstarter","","","","","134751271","5.93439","7.4156","1.1875","3617","2287","thing","Excalibur","2","8","25","25","15","2026","4,5,6,7,8","5,6","5–10","Moderate in-game text - needs crib sheet or paste ups","","","","","","standalone","","","","","","","","","","","","Roxley","English","2026","English Collector's edition"
"Explorers of Navoria","371932","7.5","0","0","1","0","0","0","0","0","0","0","3","Kickstarter","","","","","115770378","6.50218","7.49","2.2637","1326","5427","thing","Explorers of Navoria","2","4","80","80","40","2024","2,3,4","3","10+","No necessary in-game text","","","","","","standalone","","","","","","","","","","","","Dranda Games","English","2024","English edition"
"Explorers of Navoria: Forgotten Lands","411026","0","0","0","1","0","0","0","0","0","0","0","1","Kickstarter","","","","","115844429","5.83223","7.71333","2.7143","0","2848","thing","Explorers of Navoria: Forgotten Lands","1","5","80","80","40","2024","1,2,3,4,5","3","10+","No necessary in-game text","","","","","","expansion","","","","","","","","","","","","","","",""
"Explorers of the North Sea","176371","0","6","0","1","0","0","0","0","0","0","0","2","","","","","","43599785","6.53732","7.25892","2.1322","1231","7402","thing","Explorers of the North Sea","1","4","60","60","45","2016","1,2,3,4","4","8+","Some necessary text - easily memorized or small crib sheet","","","","","","standalone","","","","","","","","","","A3","","","","",""
"Extinction","220133","0","0","0","1","0","0","0","0","0","0","0","3","","","","","","118205852","6.34089","7.37761","2.5156","1742","4375","thing","Endangered","1","5","90","90","60","2021","1,2,3,4","3","10+","Moderate in-game text - needs crib sheet or paste ups","","","","","","standalone","","","","","","","","","","","","Matagot","French","2021","French edition"
"Fantastiques fabriques","216600","8","1","0","1","0","0","0","0","0","0","0","3","","","","","","97200569","6.94465","7.40618","2.2271","566","14234","thing","Fantastic Factories","1","5","60","60","45","2021","1,2,3,4,5","3","10+","Some necessary text - easily memorized or small crib sheet","","","","","","standalone","","","","","","","","","","D8","2024-09-17","Lucky Duck Games","French","2021","French edition"
"Fantastiques Fabriques: Manufactions","319035","0","0","0","1","0","0","0","0","0","0","0","1","","","","","","97402606","6.17593","7.97311","2.4","0","5360","thing","Fantastic Factories: Manufactions","1","5","60","60","45","2021","1,2,3,4,5","3","8+","Some necessary text - easily memorized or small crib sheet","","","","","","expansion","","","","","","","","","","","","","","",""
"Fantasy Realms: Greek Legends","428664","9","0","0","1","0","0","0","0","0","0","0","3","BGBliss","","","","","141487852","5.65807","7.33453","2","7294","761","thing","Fantasy Realms: Greek Legends","2","6","20","20","20","2025","2,3,4","3","10+","Moderate in-game text - needs crib sheet or paste ups","","","","","","standalone","","","","","","","","","","","","WizKids (I)","English","2025","English edition"
"Faraway","385761","0","2","0","1","0","0","0","0","0","0","0","3","","","","","","117785852","7.26641","7.54053","1.9349","258","32434","thing","Faraway","2","6","30","30","15","2023","2,3,4,5","3","10+","No necessary in-game text","","","","","","standalone","","","","","","","","","","","","Catch Up Games","French","2023","French edition with Cave City cover"
"Fauna","35497","0","2","0","1","0","0","0","0","0","0","0","3","","","","","","13427409","6.53278","7.04301","1.4453","1247","6334","thing","Fauna","2","6","60","60","45","2010","2,3,4,5,6","4,5","8+","Some necessary text - easily memorized or small crib sheet","","","","","","standalone","","","","","","","","","","B6","2021-07-11","Filosofia Éditions","French","2010","Filosofia Éditions French edition"
"A Feast for Odin","177736","9","2","0","1","0","0","0","0","0","0","0","2","DiceOwl Ventre Fermeture","","","","","50487406","7.94042","8.16097","3.8686","27","43814","thing","A Feast for Odin","1","4","120","120","30","2023","1,2,3,4","3","12+","Moderate in-game text - needs crib sheet or paste ups","","","","","","standalone","","","","","","","","","","F","2024-09-09","Feuerland Spiele","English","2023","Feuerland English edition 2023"
"Federation","345868","9","3","0","1","0","0","0","0","0","0","0","3","BoardGameBliss","","","","","99788658","6.83622","7.8248","3.7485","711","4767","thing","Federation","2","4","120","120","60","2022","2,3,4","4","14+","No necessary in-game text","","","","","","standalone","","","","","","","","","","","","Explor8","English; French","2022","English/French edition"
"Finca","40628","0","3","0","1","0","0","0","0","0","0","0","3","","","","","","11656845","6.70624","7.06934","2.0684","911","8970","thing","Finca","2","5","45","45","45","2009","2,3,4","2","8+","No necessary in-game text","","","","","","standalone","","","","","","","","","","A3","","Filosofia Éditions","French","2009","French edition"
"First Empires","353304","7.5","0","0","1","0","0","0","0","0","0","0","3","Philibert","","","","","89895708","5.8661","6.81183","2.0667","4162","1813","thing","First Empires","2","5","60","60","45","2022","2,3,4,5","5","12+","Some necessary text - easily memorized or small crib sheet","","","","","","standalone","","","","","","","","","","","","Sand Castle Games","French","2022","French edition"
"First Rat","347703","0","1","0","1","0","0","0","0","0","0","0","3","","","","","","103111220","6.83763","7.50853","2.2721","708","7604","thing","First Rat","1","5","75","75","30","2022","1,2,3,4,5","3,4","10+","No necessary in-game text","","","","","","standalone","","","","","","","","","","","","Pegasus Spiele","English; German","2022","English/German edition"
"The First Tsar: Ivan the Terrible","409553","0","0","0","1","0","0","0","0","0","0","0","3","","","","","","116051099","5.66497","7.25764","3.0769","7117","585","thing","The First Tsar: Ivan the Terrible","2","4","120","120","90","2026","2,3,4","4","12","","","","","","","standalone","","","","","","","","","","","","25th Century Games","English","2026","25th Century Games English edition"
"Five Tribes: Dhenim","167309","0","0","0","1","0","0","0","0","0","0","0","1","","","","","","28018861","5.89115","7.45844","2.1667","0","3090","thing","Five Tribes: Dhenim","2","4","80","80","40","2014","2,3,4","2,3","10+","No necessary in-game text","","","","","","expansion","","","","","","","","","","","","","","",""
"Five Tribes: Les Artisans de Naqala","176677","0","0","0","1","0","0","0","0","0","0","0","1","","","","","","38971437","7.15667","8.11831","2.8019","0","15560","thing","Five Tribes: The Artisans of Naqala","2","4","80","80","40","2015","2,3,4","3","12+","No necessary in-game text","","","","","","expansion","","","","","","","","","","","","","","",""
"Five Tribes: Les Caprices du Sultan","226828","0","0","0","1","0","0","0","0","0","0","0","1","","","","","","46220290","6.52672","7.95111","2.88","0","8961","thing","Five Tribes: Whims of the Sultan","2","5","90","90","40","2017","2,3,4","2,3","12+","No necessary in-game text","","","","","","expansion","","","","","","","","","","","","","","",""
"Five Tribes: Les Djinns de Naqala","157354","7","16","0","1","0","0","0","0","0","0","0","1","","","","","","27530535","7.60763","7.76413","2.8373","97","59968","thing","Five Tribes: The Djinns of Naqala","2","4","80","80","40","2014","2,3,4","2","12+","No necessary in-game text","","","","","","standalone","","","","","","","","","","B5","2024-09-09","Days of Wonder","French","2014","French edition"
"Flip 7","420087","7.5","5","0","1","0","0","0","0","0","0","0","3","","","","","","125702837","6.98943","7.21606","1.0321","515","51401","thing","Flip 7","3","18","20","20","20","2024","3,4,5,6,7,8","5,6","6+","Some necessary text - easily memorized or small crib sheet","","","","","","standalone","","","","","","","","","","","","The Op Games","English","2024","English first edition"
"Fliptown","352418","8","1","0","1","0","0","0","0","0","0","0","3","Kickstater","","","","","96004946","6.71257","7.74584","2.4028","893","6683","thing","Fliptown","1","4","45","45","30","2023","1,2,3,4","1","10+","Some necessary text - easily memorized or small crib sheet","","","","","","standalone","","","","","","","","","","","","Write Stuff Games","English","2023","English edition"
"For Sale","172","8","3","0","1","0","0","0","0","0","0","0","3","BoardGameBliss","","","","","76884011","7.14017","7.26668","1.2499","354","44027","thing","For Sale","3","6","30","30","30","2020","3,4,5,6","5","8+","No necessary in-game text","","","","","","standalone","","","","","","","","","","","","IELLO","French","2020","French edition"
"For the Gods!","444234","0","0","0","1","0","0","0","0","0","1","0","3","","","","","","137749262","5.52249","7.38636","2.25","18638","66","thing","For the Gods!","2","4","60","60","30","2026","2,3,4","3,4","","Some necessary text - easily memorized or small crib sheet","","","","","","standalone","","","","","","","","","","","","Mighty Boards","English","2026","English edition"
"Forest Shuffle: Exploration","438231","0","0","0","1","0","0","0","0","0","0","0","3","","","","","","132914162","6.2111","7.72268","2.1579","0","8033","thing","Forest Shuffle: Exploration","1","5","60","60","60","2025","1,2,3,4","1,2","10+","Some necessary text - easily memorized or small crib sheet","","","","","","expansion","","","","","","","","","","","","Lookout Games","English","2025","English edition"
"Forêt Mixte","391163","0","8","0","1","0","0","0","0","0","0","0","3","La Pioche","","","","","111733113","7.45631","7.72957","2.2146","153","39328","thing","Forest Shuffle","2","5","60","60","40","2023","2,3,4","2","10+","Moderate in-game text - needs crib sheet or paste ups","","","","","","standalone","","","","","","","","","","","","Lookout Games","French","2023","French edition"
"Forêt mixte: Alpes","412576","0","0","0","1","0","0","0","0","0","0","0","3","Lilojeux","","","","","121295714","7.05551","8.1976","2.08","0","15223","thing","Forest Shuffle: Alpine","2","5","60","60","60","2024","2,3,4","2","10+","Moderate in-game text - needs crib sheet or paste ups","","","","","","expansion","","","","","","","","","","","","Lookout Games","French","2024","French edition"
"Forêt Mixte: Lisière de forêt","424129","0","0","0","1","0","0","0","0","0","0","0","3","","","","","","123951286","6.80297","8.10408","2.0238","0","12838","thing","Forest Shuffle: Woodland Edge","2","5","60","60","60","2024","2,3,4","2","10+","Moderate in-game text - needs crib sheet or paste ups","","","","","","expansion","","","","","","","","","","","","Lookout Games","French","2024","French edition"
"Formaggio","430533","0","0","0","1","0","0","0","0","0","0","0","3","","","","","","132008960","6.3581","8.06991","2.3947","1692","4441","thing","Formaggio","1","4","45","45","30","2025","1,2,3,4","4","10","No necessary in-game text","","","","","","standalone","","","","","","","","","","","","Road To Infamy Games (R2i Games)","English","2025","English edition"
"Forum Trajanum","244049","0","0","0","1","0","0","0","0","0","0","0","2","BoardGameBliss","","","","","48665566","6.46455","7.19767","3.446","1411","5701","thing","Forum Trajanum","2","4","120","120","60","2018","2,3,4","3","12+","No necessary in-game text","","","","","","standalone","","","","","","","","","","C2","2021-12-12","","","",""
"Foundations of Rome","284189","0","0","0","1","0","0","0","0","0","0","0","2","Kickstarter/Late Pledge","2023 Reprint","","","","102409996","7.20442","8.02882","2.02","300","7043","thing","Foundations of Rome","1","5","90","90","60","2022","2,3,4,5","4","10+","Moderate in-game text - needs crib sheet or paste ups","","","","","","standalone","","","","","","","","","","K2D","2024-09-17","Arcane Wonders","English","2022","English edition"
"Four Gardens","296043","0","0","0","1","0","0","0","0","0","0","0","3","BoardGameBliss","","","","","77244263","6.0743","6.88257","2.2642","2791","3758","thing","Four Gardens","2","4","45","45","45","2021","2,3,4","2","8+","No necessary in-game text","","","","","","standalone","","","","","","","","","","E","","Arcane Wonders; Korea Boardgames","English","2021","English edition"
"The Fox Experiment","368432","8","1","0","1","0","0","0","0","0","0","0","3","Kickstarter","","","","","99403078","6.57346","7.31822","2.5784","1158","7448","thing","The Fox Experiment","1","4","60","60","60","2023","1,2,3,4","3,4","10+","Some necessary text - easily memorized or small crib sheet","","","","","","standalone","","","","","","","","","","","","Pandasaurus Games","English","2023","English Kickstarter edition"
"The Fox Experiment: Patron and Science Promo Cards","407464","0","0","0","1","0","0","0","0","0","0","0","3","","","","","","113482094","5.55065","7.26958","0","0","929","thing","The Fox Experiment: Patron and Science Promo Cards","1","6","0","0","0","2023","","","","","","","","","","expansion","","","","","","","","","","","","Pandasaurus Games","English","2023","English edition"
"Franchise","245645","8","0","0","1","0","0","0","0","0","0","0","1","BoardGameBliss","","","","","74178111","5.8321","6.9532","2.4444","4467","996","thing","Franchise","2","5","90","90","90","2018","3,4,5","4","10+","No necessary in-game text","","","","","","standalone","","","","","","","","","","E","","","","",""
"Fromage","384213","0","1","0","1","0","0","0","0","0","0","0","3","","","","","","126589924","7.08705","7.68004","2.3762","403","11107","thing","Fromage","1","4","45","45","30","2024","1,2,3,4","4","12+","Some necessary text - easily memorized or small crib sheet","","","","","","standalone","","","","","","","","","","","","Road To Infamy Games (R2i Games)","English","2024","English limited edition"
"Funfair","315881","0","1","0","1","0","0","0","0","0","0","0","3","","","","","","102261629","6.22567","7.32783","2.1212","2143","3424","thing","Funfair","2","4","60","60","30","2022","2,3,4","2","10+","Moderate in-game text - needs crib sheet or paste ups","","","","","","standalone","","","","","","","","","","","","Good Games Publishing; Lucky Duck Games","French","2022","French edition"
"Furnace","318084","7.8","1","0","1","0","0","0","0","0","0","0","3","BoardGameBliss","We've played 3 games in about one hour at two players. If you like streamlined games, straight to point, you will like this. I had a vibe of Res Arcana in the flow. There's no theme here, but the game is good, the player powers are just enough game breaking to give you a sense of purpose. it's an 8 for us at two players for now, there's a dumy player that is super easy to manage, it can screw you a bit, but it's ok.","","","","79494932","7.08033","7.384","2.3203","411","20004","thing","Furnace","2","4","60","60","30","2021","2,3,4","3,4","10+","Some necessary text - easily memorized or small crib sheet","","","","","","standalone","","","","","","","","","","E8","2024-09-17","Arcane Wonders; Hobby World","English","2021","English edition"
"Galactic Cruise","391137","9","0","0","1","0","0","0","0","0","0","0","3","","","","","","116518079","7.55247","8.30851","3.9748","114","11216","thing","Galactic Cruise","1","4","150","150","90","2025","1,2,3,4","3","14+","Moderate in-game text - needs crib sheet or paste ups","","","","","","standalone","","","","","","","","","","","","Kinson Key Games; Super Meeple","French","2025","French edition"
"Galileo Galilei","393333","0","0","0","1","0","0","0","0","0","0","0","1","","","","","","122117648","6.6815","7.63475","3.0224","949","5523","thing","Galileo Galilei","1","4","100","100","50","2025","1,2,3,4","3","12+","No necessary in-game text","","","","","","standalone","","","","","","","","","","","","Capstone Games","English","2025","Capstone Games English edition"
"The Gallerist","125153","8","1","0","1","0","0","0","0","0","0","0","3","","","","","","42356424","7.65365","8.00096","4.2088","84","22325","thing","The Gallerist","1","4","150","150","60","2015","1,2,3,4","3,4","14+","No necessary in-game text","","","","","","standalone","","","","","","","","","","C5","2024-09-09","","","",""
"The Gallerist: KS Stretch Goal Pack #2","193148","0","0","0","1","0","0","0","0","0","0","0","3","","","","","","59892001","5.81658","7.73898","3.9231","0","3413","thing","The Gallerist: KS Stretch Goal Pack #2","1","4","0","0","0","2015","1,2,3,4","3,4","14+","No necessary in-game text","","","","","","expansion","","","","","","","","","","","","","","",""
"The Gallerist: Scoring Expansion","256676","0","0","0","1","0","0","0","0","0","0","0","1","","","","","","57222942","5.7728","7.91094","3.75","0","3055","thing","The Gallerist: Scoring Expansion","1","4","150","150","60","2019","2,3,4","3,4","14+","No necessary in-game text","","","","","","expansion","","","","","","","","","","","","","","",""
"The Game: Extreme","209325","0","1","0","1","0","0","0","0","0","0","0","1","","","","","","42061794","6.05968","6.89791","1.3429","2872","3999","thing","The Game: Extreme","1","5","30","30","20","2016","1,2,3,4,5","2","8+","No necessary in-game text","","","","","","standalone","","","","","","","","","","P1","2021-07-11","","","",""
"The Gang","411567","0","0","0","1","0","0","0","0","0","0","0","3","","","","","","128765611","7.11329","7.55527","1.6074","376","17173","thing","The Gang","3","6","20","20","20","2024","4,5,6","5","12+","Some necessary text - easily memorized or small crib sheet","","","","","","standalone","","","","","","","","","","","","IELLO; KOSMOS","French","2024","French edition"
"Genotype: Bernard Promo Card","381212","0","0","0","1","0","0","0","0","0","0","0","3","","","","","","104194279","0","7.05556","0","0","167","thing","Genotype: Bernard Promo Card","1","5","0","0","0","2023","","","","","","","","","","expansion","","","","","","","","","","","","Genius Games","English","2023","English edition"
"Gentes: Deluxified Edition","249703","7.5","0","0","1","0","0","0","0","0","0","0","1","","","","","","60538359","6.46016","7.65677","3.2241","0","4035","thing","Gentes: Deluxified Edition","1","4","120","120","75","2018","1,2,3,4","3,4","14+","No necessary in-game text","","","","","","standalone","","","","","","","","","","C1","2021-12-12","","","",""
"Get on Board: New York & London","347013","8.5","0","0","1","0","0","0","0","0","0","0","3","","","","","","98106527","6.35259","6.94271","1.8923","1705","6387","thing","Get on Board: New York & London","2","5","30","30","30","2021","2,3,4,5","3","8+","No necessary in-game text","","","","","","standalone","","","","","","","","","","","","IELLO","French","2021","French edition"
"Ginkgopolis","128271","0","0","0","1","0","0","0","0","0","0","0","1","","","","","","51071401","7.062","7.4832","2.9091","433","10506","thing","Ginkgopolis","1","5","45","45","45","2012","1,2,3,4","2,3","12+","No necessary in-game text","","","","","","standalone","","","","","","","","","","","","","","",""
"Ginkgopolis: The Experts","145399","0","0","0","1","0","0","0","0","0","0","0","3","","","","","","103155507","5.80815","7.59369","2.9474","0","2520","thing","Ginkgopolis: The Experts","2","5","45","45","45","2022","2,3,4","2,3","","No necessary in-game text","","","","","","expansion","","","","","","","","","","","","Pearl Games","English","2022","English third edition"
"Gizmos","246192","7","23","0","1","0","0","0","0","0","0","0","3","","","","","","52993120","7.07539","7.36273","2.0557","416","18929","thing","Gizmos","2","4","50","50","40","2018","2,3,4","3","8+","No necessary in-game text","","","","","","standalone","","","","","","","","","","A7","2024-09-17","","","",""
"Die Glasstraße: Oktoberfest","167567","0","0","0","1","0","0","0","0","0","0","0","1","","","","","","32529007","5.64411","7.11956","2.6667","0","1711","thing","Die Glasstraße: Oktoberfest","1","4","75","75","75","2014","1,2,3,4","2","12+","No necessary in-game text","","","","","","expansion","","","","","","","","","","","","","","",""
"Glen More II: Chronicles","265188","9","0","0","1","0","0","0","0","0","0","0","3","BoardGame Bandit","","","","","86743388","7.36016","7.85578","3.006","205","15103","thing","Glen More II: Chronicles","2","4","120","120","90","2025","2,3,4","3","12+","No necessary in-game text","","","","","","standalone","","","","","","","","","","C5","2024-09-12","Funtails","English","2025","English edition"
"Go Stop: Dogs","17530","0","0","0","1","0","0","0","0","0","0","0","3","","","","","","104980522","5.60988","6.55234","2.2727","8952","556","thing","Go Stop","2","5","60","60","60","2017","2,3,4","3","8+","No necessary in-game text","","","","","","standalone","","","","","","","","","","","","(Self-Published)","Korean","2017","Dogs edition"
"Gold Country","461367","0","0","0","1","0","0","0","0","0","1","0","3","Kickstarter","","","","","142286079","5.53871","7.66087","1.6667","14925","116","thing","Gold Country","2","4","60","60","30","2026","2,3,4","2","","","","","","","","standalone","","","","","","","","","","","","Bitewing Games","English","2026","English edition"
"Gold Country: Bona Fide Bonanza Promo Pack","463593","0","0","0","1","0","0","0","0","0","1","0","3","Kickstarter","","","","","142286083","0","0","0","0","20","thing","Gold Country: Bona Fide Bonanza Promo Pack","2","4","60","60","30","2026","","","","","","","","","","expansion","","","","","","","","","","","","Bitewing Games","English","2026","English edition"
"Gold West","154086","8","0","0","1","0","0","0","0","0","0","0","3","","","","","","143665185","6.56214","7.28782","2.4545","1180","4166","thing","Gold West","2","4","60","60","45","2024","2,3,4","3","10+","Some necessary text - easily memorized or small crib sheet","","","","","","standalone","","","","","","","","","","","","Matagot; Trick or Treat Studios","French","2024","French second edition"
"Golem","298383","9","0","0","1","0","0","0","0","0","0","0","1","","","","","","78400950","6.81471","7.50685","4.0062","740","8572","thing","Golem","1","4","120","120","90","2021","1,2,3,4","2,3","14+","No necessary in-game text","","","","","","standalone","","","","","","","","","","","","","","",""
"Golem: Promo Cards","365765","0","0","0","1","0","0","0","0","0","0","0","3","","","","","","104194269","5.53586","7.54318","0","0","687","thing","Golem: Promo Cards","1","4","120","120","90","2022","","","","","","","","","","expansion","","","","","","","","","","","","Cranio Creations","English","2022","English edition"
"Got Five!","453526","0","0","0","1","0","0","0","0","0","0","0","3","","","","","","145362509","5.96211","7.64199","1.3","3414","1502","thing","Got Five!","2","4","15","15","15","2026","2,3,4","2","8+","No necessary in-game text","","","","","","standalone","","","","","","","","","","","","Blue Orange (EU)","Dutch; English; French; German","2026","Multilingual second edition"
"Granada","58099","0","1","0","1","0","0","0","0","0","0","0","3","","","","","","13584895","5.77549","6.97882","2.2162","5095","927","thing","Granada","2","6","60","60","45","2009","2,3,4,5","3,4","10+","No necessary in-game text","","","","","","standalone","","","","","","","","","","A5","2021-07-11","","","",""
"Grand Austria Hotel","182874","8","4","0","1","0","0","0","0","0","0","0","1","","","","","","45941913","7.7146","7.96258","3.1958","68","32847","thing","Grand Austria Hotel","2","4","120","120","60","2017","2,3","2","12+","No necessary in-game text","","","","","","standalone","","","","","","","","","","A5","2024-09-09","Funforge","French","2017","French edition"
"La Granja: Deluxe Master Set","341945","9","0","0","1","0","0","0","0","0","0","0","3","Kickstarter","","","","","90427027","6.87075","8.20554","3.4712","656","7035","thing","La Granja: Deluxe Master Set","1","4","120","120","90","2023","1,2,3,4","3","12+","Moderate in-game text - needs crib sheet or paste ups","","","","","","standalone","","","","","","","","","","","","Board&Dice","English","2023","English edition"
"The Great Heartland Hauling Co.: Badlands","139371","0","0","0","1","0","0","0","0","0","0","0","1","","","","","","72275164","5.61159","6.98618","1.6364","0","1058","thing","The Great Heartland Hauling Co.: Badlands","5","5","45","45","45","2013","3,4,5","3,5","","No necessary in-game text","","","","","","expansion","","","","","","","","","","","","","","",""
"The Great Split","366752","7.5","0","0","1","0","0","0","0","0","0","0","3","","","","","","102794520","6.25746","6.97333","2.0645","2017","3645","thing","The Great Split","2","7","45","45","45","2023","3,4,5,6,7","4,5","8+","No necessary in-game text","","","","","","standalone","","","","","","","","","","","","Horrible Guild","English","2023","English edition"
"Great Western Trail: New Zealand","380607","9","0","0","1","0","0","0","0","0","0","0","3","","","","","","115014909","7.68169","8.45654","4","75","12106","thing","Great Western Trail: New Zealand","1","4","150","150","75","2023","1,2,3,4","3","12+","No necessary in-game text","","","","","","standalone","","","","","","","","","","B4","2024-09-12","eggertspiele","English; French","2023","English/French edition"
"La Guerre de l'Anneau: Le jeu de cartes","362944","0","0","0","1","0","0","0","0","0","0","0","3","Philibert","","","","","103735829","6.85147","7.59979","2.9813","689","11191","thing","War of the Ring: The Card Game","2","4","120","120","90","2023","2,4","4","12+","Extensive use of text - massive conversion needed to be playable","","","","","","standalone","","","","","","","","","","","","Ares Games; Nuts! Publishing","French","2023","French edition"
"La Guerre de l'Anneau: le jeu de cartes – cartes promos de précommande","379901","0","0","0","1","0","0","0","0","0","0","0","3","","","","","","109759253","5.59138","7.75545","2.3333","0","1256","thing","War of the Ring: The Card Game – Pre-Order Promo Cards","2","4","120","120","90","2023","2,4","4","8+","Extensive use of text - massive conversion needed to be playable","","","","","","expansion","","","","","","","","","","","","Ares Games; Nuts! Publishing","French","2023","French edition"
"Gùgōng","250458","0","0","0","1","0","0","0","0","0","0","0","1","Kickstarter","","","","","51374852","7.01821","7.41827","3.085","484","13009","thing","Gùgōng","1","5","90","90","60","2018","1,2,3,4","3","12+","No necessary in-game text","","","","","","standalone","","","","","","","","","","A7","2024-09-17","Game Brewer","French","2018","French edition"
"Gùgōng: Pànjūn","285560","0","0","0","1","0","0","0","0","0","0","0","3","Kickstarter","Got a mini-expansion for this The Stairs of the palace. Essen 2020 release I think.","","","","63389468","5.86755","7.82013","3.5385","0","2568","thing","Gùgōng: Pànjūn","1","5","120","120","90","2020","2,3,4,5","3","","No necessary in-game text","","","","","","expansion","","","","","","","","","","A7","2021-07-11","","","",""
"The Guild of Merchant Explorers","350933","8","7","0","1","0","0","0","0","0","0","0","3","","","","","","99470280","7.1322","7.61552","2.0524","362","12071","thing","The Guild of Merchant Explorers","1","4","45","45","45","2022","1,2,3,4","2","10+","Some necessary text - easily memorized or small crib sheet","","","","","","standalone","","","","","","","","","","20X5","2024-09-17","Alderac Entertainment Group","English","2022","English edition"
"La Guilde des Expéditions Marchandes: Aux Ordres de la Reine","358682","0","0","0","1","0","0","0","0","0","0","0","3","","","","","","104171036","5.7897","8.05947","2.2","0","2099","thing","The Guild of Merchant Explorers: The Queen's Special Orders","1","4","45","45","30","2023","1,2,3,4","1","10+","Moderate in-game text - needs crib sheet or paste ups","","","","","","expansion","","","","","","","","","","","","Origames","French","2023","French edition"
"Gutenberg","339958","0","0","0","1","0","0","0","0","0","0","0","3","","","","","","86334045","6.44062","7.26528","2.7232","1476","5352","thing","Gutenberg","1","4","120","120","60","2022","1,2,3,4","3","10+","No necessary in-game text","","","","","","standalone","","","","","","","","","","","","Atalia; Granna","French","2022","French edition"
"Gutenberg: Promo Pack","371329","0","0","0","1","0","0","0","0","0","0","0","3","","","","","","125953288","5.52724","7.57188","0","0","329","thing","Gutenberg: Promo Pack","1","4","120","120","60","2022","","","","","","","","","","expansion","","","","","","","","","","","","Granna","English","2022","English edition"
"Hadara","269144","8","7","0","1","0","0","0","0","0","0","0","3","","","","","","75218999","6.93798","7.37892","2.2083","574","9715","thing","Hadara","2","5","60","60","45","2019","2,3,4,5","4,5","10+","No necessary in-game text","","","","","","standalone","","","","","","","","","","E8","2024-09-17","Edge Entertainment","French","2019","Edge French edition"
"Hadara: Marketplaces & Monuments","290045","0","0","0","1","0","0","0","0","0","0","0","1","BoardGameBliss","","","","","80152733","5.67118","7.60272","2","0","810","thing","Hadara: Marketplaces & Monuments","2","5","90","90","45","2019","3,4,5","4,5","10+","No necessary in-game text","","","","","","expansion","","","","","","","","","","","","","","",""
"Hadara: Nobles & Inventions","290042","0","0","0","1","0","0","0","0","0","0","0","1","BoardGameBliss","","","","","80152729","5.69234","7.75917","2","0","921","thing","Hadara: Nobles & Inventions","2","5","60","60","45","2019","3,4,5","4,5","10+","","","","","","","expansion","","","","","","","","","","","","","","",""
"Harmonies","414317","8","2","0","1","0","0","0","0","0","0","0","3","","","","","","118679216","7.75804","8.03036","2.0099","55","50893","thing","Harmonies","1","4","45","45","30","2024","1,2,3,4","2,3","8+","No necessary in-game text","","","","","","standalone","","","","","","","","","","E2","2024-09-12","Libellud","English","2024","English edition"
"Heat: Pedal to the Metal","366013","9","1","0","1","0","0","0","0","0","0","0","3","","","","","","99793751","7.79524","7.99588","2.2024","47","61873","thing","Heat: Pedal to the Metal","1","6","60","60","30","2022","1,2,3,4,5,6","5,6","8+","No necessary in-game text","","","","","","standalone","","","","","","","","","","B6","2024-09-09","Days of Wonder","English","2022","English edition 2022"
"Heaven & Ale: Kegs & More","285961","0","0","0","1","0","0","0","0","0","0","0","3","BoardGameBliss","","","","","67155128","5.7232","7.3637","3.25","0","1699","thing","Heaven & Ale: Kegs & More","2","4","0","0","0","2019","3,4","4","10+","No necessary in-game text","","","","","","expansion","","","","","","","","","","","","","","",""
"Hercules","312722","0","1","0","1","0","0","0","0","0","0","0","3","","","","","","132400069","5.60717","7.1811","2","9080","359","thing","Hercules","1","4","45","45","20","2022","2,3,4","3","8+","No necessary in-game text","","","","","","standalone","","","","","","","","","","","","MEBO Games","English; German; Portuguese; Spanish","2022","EN/GE/PR/SP edition"
"Hidden Leaders: Queens & Friends","359520","0","0","0","1","0","0","0","0","0","0","0","1","","","","","","106897495","5.63659","7.22572","1.6","0","1553","thing","Hidden Leaders: Queens & Friends","2","6","30","30","30","2022","3,4,5","4","8+","Some necessary text - easily memorized or small crib sheet","","","","","","expansion","","","","","","","","","","","","","","",""
"Hippocrates: Agora","371872","0","0","0","1","0","0","0","0","0","0","0","3","Kickstarter/ Pledge manager Gamefound","","","","","101299204","5.53685","7.5163","0","0","517","thing","Hippocrates: Agora","1","4","120","120","90","2023","","","","","","","","","","expansion","","","","","","","","","","","","Game Brewer","Dutch; English; French; German","2023","Multilingual edition"
"Histoires de Peluches","233312","8","0","0","1","0","0","0","0","0","0","0","1","","","","","","61067327","6.90853","7.39944","2.4615","609","22931","thing","Stuffed Fables","2","4","90","90","60","2018","1,2,3,4","4","8+","Extensive use of text - massive conversion needed to be playable","","","","","","standalone","","","","","","","","","","ML","2024-09-17","Edge Entertainment; Plaid Hat Games","French","0","French edition"
"Hitster","318243","0","0","0","1","0","0","0","0","0","0","0","3","","","","","","124268200","7.01498","7.52292","1.0191","489","15726","thing","Hitster","2","10","30","30","30","2022","2,3,4,5,6,7,8,9,10","4,5,6","14+","No necessary in-game text","","","","","","standalone","","","","","","","","","","","","Dujardin; Jumbo","French","2022","French edition"
"Holiday Hills","421217","0","0","0","1","0","0","0","0","0","0","0","3","","","","","","132008970","5.57386","7.61136","2.5","11050","461","thing","Holiday Hills","2","5","60","60","45","2025","2,3,4","2","","","","","","","","standalone","","","","","","","","","","","","Chris Couch Games","English","2025","English edition"
"Honey Buzz","284742","0","0","0","1","0","0","0","0","0","0","0","3","","","","","","77552819","7.02806","7.49495","2.7197","470","20003","thing","Honey Buzz","1","4","90","90","45","2020","1,2,3,4","3","10+","Some necessary text - easily memorized or small crib sheet","","","","","","standalone","","","","","","","","","","D14","2024-09-17","Elf Creek Games","English","2020","English edition 2020"
"Honshū","207336","0","0","0","1","0","0","0","0","0","0","0","3","","","","","","71016087","6.4449","6.88251","1.9333","1460","8692","thing","Honshū","2","5","30","30","30","2017","2,3,4,5","4","8+","No necessary in-game text","","","","","","standalone","","","","","","","","","","P3","2021-07-11","Blackrock Games","French","2017","French first edition"
"Horreur à Arkham: Le Jeu de Cartes","205637","8","0","0","1","0","0","0","0","0","0","0","3","","","","","","83135472","7.88883","8.11878","3.5652","33","83673","thing","Arkham Horror: The Card Game","1","2","120","120","60","2016","1,2","2","14+","Extensive use of text - massive conversion needed to be playable","","","","","","standalone","","","","","","","","","","","","Fantasy Flight Games","French","2016","French edition"
"Hot Streak","446497","0","1","0","1","0","0","0","0","0","0","0","3","","","","","","139828673","7.15259","7.84182","1.2","346","11049","thing","Hot Streak","2","8","20","20","20","2025","3,4,5,6,7,8","5,6","6+","Some necessary text - easily memorized or small crib sheet","","","","","","standalone","","","","","","","","","","","","CMYK","English","2025","English edition"
"House of Fado","373667","0","0","0","1","0","0","0","0","0","0","0","3","Gamefound","","","","","116132059","6.16405","7.56342","2.7551","2362","2599","thing","House of Fado","1","4","60","60","30","2025","2,3,4","4","12+","No necessary in-game text","","","","","","standalone","","","","","","","","","","","","Eagle-Gryphon Games","English","2025","English edition"
"Hungry Monkey","355735","6.9","1","0","1","0","0","0","0","0","0","0","3","401 Games","","","","","120279227","5.83082","6.61306","1.2692","4483","2351","thing","Hungry Monkey","2","6","30","30","15","2022","2,3,4,5,6","3,4","6+","No necessary in-game text","","","","","","standalone","","","","","","","","","","","","HeidelBÄR Games","English","2022","English edition"
"I Made You a Mixtape","375557","8","0","0","1","0","0","0","0","0","0","0","3","Kickstarter","","","","","125089427","5.7709","7.07425","1.3571","5152","1214","thing","I Made You a Mixtape","1","4","45","45","30","2025","1,2,3,4","1,4","10+","No necessary in-game text","","","","","","standalone","","","","","","","","","","","","Massive Asterisk","English","2025","English edition"
"IKI","177478","8","0","0","1","0","0","0","0","0","0","0","3","Revanche","","","","","87464854","7.02453","7.59054","3.0621","476","12268","thing","IKI","2","4","90","90","60","2021","2,3,4","4","12+","No necessary in-game text","","","","","","standalone","","","","","","","","","","D14","2024-09-17","Hachette Boardgames UK; Sorry We Are French","English; French","2021","English/French edition 2021"
"Iliad","420914","0","1","0","1","0","0","0","0","0","0","0","3","","","","","","139548982","6.26812","7.6526","2.0571","1980","3113","thing","Iliad","2","2","30","30","30","2025","2","2","10+","No necessary in-game text","","","","","","standalone","","","","","","","","","","","","Bitewing Games","English","2025","English edition"
"Imhotep","191862","8","1","0","1","0","0","0","0","0","0","0","1","","","","","","69341683","6.89709","7.12397","2.0163","624","23524","thing","Imhotep","2","4","40","40","40","2016","2,3,4","4","10+","Some necessary text - easily memorized or small crib sheet","","","","","","standalone","","","","","","","","","","C1","2024-09-17","KOSMOS","English","2016","English edition"
"Imperial Settlers: Empires du Nord","270844","0","0","0","1","0","0","0","0","0","0","0","1","EspaceJeux.tv","","","","","69083705","6.91676","7.37745","2.8152","602","13935","thing","Imperial Settlers: Empires of the North","1","4","90","90","45","2019","1,2,3","2","10+","Extensive use of text - massive conversion needed to be playable","","","","","","standalone","","","","","","","","","","C1","2024-09-17","IELLO","French","2019","French edition"
"Imperial Settlers: Empires du Nord – Bannières Romaines","295934","0","0","0","1","0","0","0","0","0","0","0","3","Philibert","","","","","69083810","5.96283","7.97176","3.1111","0","3819","thing","Imperial Settlers: Empires of the North – Roman Banners","1","4","90","90","45","2020","1,2,3","1,2","","Moderate in-game text - needs crib sheet or paste ups","","","","","","expansion","","","","","","","","","","","","","","",""
"Imperial Settlers: Empires du Nord – Hordes Barbares","299467","0","0","0","1","0","0","0","0","0","0","0","3","LaPioche","","","","","69083807","5.84312","7.96706","3.2","0","2858","thing","Imperial Settlers: Empires of the North – Barbarian Hordes","1","4","90","90","45","2021","2,3","2","","","","","","","","expansion","","","","","","","","","","","","IELLO; Portal Games","French","2021","French edition"
"Imperial Settlers: Empires du Nord – îles Japonaises","287558","0","0","0","1","0","0","0","0","0","0","0","3","","","","","","69083803","6.0149","7.911","3.0769","0","4198","thing","Imperial Settlers: Empires of the North – Japanese Islands","1","4","90","90","45","2020","1,2,3","2","10+","Extensive use of text - massive conversion needed to be playable","","","","","","expansion","","","","","","","","","","","","IELLO","French","2020","French edition"
"Imperial Settlers: Empires du Nord – Rois d'Egypte","330167","0","0","0","1","0","0","0","0","0","0","0","3","Philibert","","","","","119494975","5.78616","8.04858","3.1667","0","2540","thing","Imperial Settlers: Empires of the North – Egyptian Kings","1","4","90","90","45","2022","","","","","","","","","","expansion","","","","","","","","","","","","IELLO","French","2022","French edition"
"Inflexibles: Afrique du Nord","290359","0","0","0","1","0","0","0","0","0","0","0","3","Lilojeux","","","","","121323427","6.93888","7.75104","2.3333","572","13959","thing","Undaunted: North Africa","2","2","60","60","45","2022","2","2","10+","Some necessary text - easily memorized or small crib sheet","","","","","","standalone","","","","","","","","","","","","Nuts! Publishing","French","2022","French edition"
"Inis","155821","0","0","0","1","0","0","0","0","0","0","0","3","","","","","","122802477","7.52953","7.8143","2.9433","125","29629","thing","Inis","2","4","90","90","60","2018","2,3,4","4","12+","Extensive use of text - massive conversion needed to be playable","","","","","","standalone","","","","","","","","","","K2B","2024-09-09","Matagot","French","2018","French second edition"
"Inventeurs du Tigre du Sud","378387","8","0","0","1","0","0","0","0","0","0","0","3","Kickstarter","","","","","117225127","6.44787","7.91516","4.4703","1453","5572","thing","Inventors of the South Tigris","1","4","120","120","90","2024","1,2,3,4","3","14+","No necessary in-game text","","","","","","standalone","","","","","","","","","","","","Garphill Games","English","2024","English edition"
"La Isla","154246","0","0","0","1","0","0","0","0","0","0","0","1","","","","","","22205012","6.46473","6.86902","2.258","1409","8905","thing","La Isla","2","4","60","60","30","2014","2,3,4","4","10+","No necessary in-game text","","","","","","standalone","","","","","","","","","","A2","2021-07-11","","","",""
"The Isle of Cats: Kickstarter Pack 2","338022","0","0","0","1","0","0","0","0","0","0","0","1","","","","","","139149325","5.90682","8.13957","0","0","4128","thing","The Isle of Cats: Kickstarter Pack 2","1","6","90","90","30","2022","","","","","","","","","","expansion","","","","","","","","","","","","","","",""
"The Isle of Cats: Promo Tile Pack 1","329836","0","0","0","1","0","0","0","0","0","0","0","3","","","","","","106344291","5.64589","8.02234","0","0","1497","thing","The Isle of Cats: Promo Tile Pack 1","1","4","90","90","60","2021","","","","","","","","","","expansion","","","","","","","","","","","","The City of Games","English","2021","English edition"
"Istanbul","148949","7.5","1","0","1","0","0","0","0","0","0","0","1","","","","","","24053339","7.37112","7.53452","2.584","193","39011","thing","Istanbul","2","5","60","60","40","2014","2,3,4,5","4","10+","No necessary in-game text","","","","","","standalone","","","","","","","","","","A6","2024-09-12","","","",""
"Istanbul: Kebab Shop Mini Expansion","161224","0","0","0","1","0","0","0","0","0","0","0","1","","","","","","24053340","5.79297","7.22857","2.2941","0","2149","thing","Istanbul: Kebab Shop Mini Expansion","2","5","50","50","50","2014","2,3,4,5","2,4","10+","No necessary in-game text","","","","","","expansion","","","","","","","","","","","","","","",""
"Istanbul: Mocha & Baksheesh","172505","0","0","0","1","0","0","0","0","0","0","0","1","","","","","","31588411","6.88579","7.88363","2.7308","0","10273","thing","Istanbul: Mocha & Baksheesh","2","5","60","60","40","2015","2,3,4,5","4","10+","Some necessary text - easily memorized or small crib sheet","","","","","","expansion","","","","","","","","","","","","","","",""
"Istanbul: Pegasus Depot Mini Expansion","213217","0","0","0","1","0","0","0","0","0","0","0","1","","","","","","63816262","5.69626","7.51664","2.2857","0","1401","thing","Istanbul: Pegasus Depot Mini Expansion","2","5","60","60","40","2016","2,3,4,5","2,3","10+","No necessary in-game text","","","","","","expansion","","","","","","","","","","","","","","",""
"Jaipur","54043","7.5","1","0","1","0","0","0","0","0","0","0","1","","","","","","20518523","7.36122","7.47912","1.4633","202","96148","thing","Jaipur","2","2","30","30","30","2009","2","2","8+","No necessary in-game text","","","","","","standalone","","","","","","","","","","","","","","",""
"Jamaica","28023","7","4","0","1","0","0","0","0","0","0","0","3","","","","","","11656600","6.87575","7.05922","1.6616","645","33000","thing","Jamaica","2","6","60","60","30","2007","3,4,5,6","5,6","8+","No necessary in-game text","","","","","","standalone","","","","","","","","","","B2","2024-09-17","GameWorks SàRL","English; French; German; Italian","2007","Multilingual edition 2007"
"Jamaica: Extra Treasures","39166","0","0","0","1","0","0","0","0","0","0","0","3","","","","","","12255776","5.6706","7.17105","1.7391","0","660","thing","Jamaica: Extra Treasures","2","6","0","0","0","2008","4,6","4,6","6+","No necessary in-game text","","","","","","expansion","","","","","","","","","Mat","","","","","",""
"Jardins Anglais","300583","0","9","0","1","0","0","0","0","0","0","0","3","","","","","","103161395","6.18599","6.88594","1.9571","2287","4981","thing","Village Green","1","5","30","30","30","2021","1,2,3,4","2","12+","Some necessary text - easily memorized or small crib sheet","","","","","","standalone","","","","","","","","","","","","Origames; Osprey Games","French","2021","French edition"
"Jok-R-ummy","14036","4.5","0","0","1","0","0","0","0","0","0","0","3","","","","","","11656855","5.5611","6.07804","1.4286","12114","901","thing","Jok-R-ummy","2","6","60","60","60","1986","2,3,4","4","10+","No necessary in-game text","","","","","","standalone","","","","","","","","","","Enfants","","","","",""
"Journey to Tír na nÓg","426349","0","0","0","1","0","0","0","0","0","0","0","1","","","","","","139424685","0","6.3","2","0","216","thing","Journey to Tír na nÓg","1","4","60","60","60","2025","","","","Unplayable in another language","","","","","","standalone","","","","","","","","","","","","","","",""
"Jungle Speed","8098","0","0","0","1","0","0","0","0","0","0","0","1","","","","","","24866117","6.24169","6.44847","1.1285","2074","24308","thing","Jungle Speed","2","10","10","10","10","1997","3,4,5,6,7,8,10","5,6","6+","No necessary in-game text","","","","","","standalone","","","","","","","","","","P3","2021-07-11","","","",""
"Just One","254640","7","0","0","1","0","0","0","0","0","0","0","1","","","","","","56726928","7.43744","7.59164","1.0336","157","60705","thing","Just One","3","7","60","60","20","2018","4,5,6,7","6,7","8+","Unplayable in another language","","","","","","standalone","","","","","","","","","","","","","","",""
"Kakerlakenpoker","11971","8","0","0","1","0","0","0","0","0","0","0","3","","","","","","66177534","6.60394","6.80055","1.0967","1091","29457","thing","Cockroach Poker","2","6","20","20","20","2004","3,4,5,6","5","6+","No necessary in-game text","","","","","","standalone","","","","","","","","","","P1","2021-07-11","Drei Magier Spiele","Dutch; English; French; German; Italian; Korean","2004","Multilingual first edition"
"Kapadocja","310301","0","1","0","1","0","0","0","0","0","0","0","3","","","","","","111521948","5.54861","6.95424","1.3333","13450","283","thing","Kapadokya","2","2","30","30","15","2022","2","2","8+","No necessary in-game text","","","","","","standalone","","","","","","","","","","","","Falomir Juegos; Granna","Polish","2022","Polish edition"
"Karuba","183251","8","7","0","1","0","0","0","0","0","0","0","3","Bluepeg pinkpeg","","","","","40348662","6.86201","7.16146","1.4234","672","17565","thing","Karuba","2","4","40","40","30","2015","2,3,4","4","6+","No necessary in-game text","","","","","","standalone","","","","","","","","","","C3","2024-09-17","","","",""
"Kemet: Blood and Sand","297562","8","0","0","1","0","0","0","0","0","0","0","3","","","","","","85513770","7.19222","7.90149","3.1965","308","11523","thing","Kemet: Blood and Sand","2","5","180","180","90","2021","3,4,5","4","10+","No necessary in-game text","","","","","","standalone","","","","","","","","","","A4","2024-09-17","Matagot","French","2021","French edition"
"The key: Meurtres au golf d'Oakdale","299172","0","0","0","1","0","0","0","0","0","0","0","3","La Pioche","","","","","90880253","5.78351","7.08553","1.75","4997","1162","thing","The Key: Murder at the Oakdale Club","1","4","20","20","15","2020","1,2,3,4","4","10+","Moderate in-game text - needs crib sheet or paste ups","","","","","","standalone","","","","","","","","","","","","HABA","Dutch; French","2020","French/Dutch edition"
"Khôra: L'apogée d'un empire","299684","7","3","0","1","0","0","0","0","0","0","0","3","","","","","","82348805","6.71366","7.36271","2.7455","889","7979","thing","Khôra: Rise of an Empire","2","4","75","75","75","2021","2,3,4","4","12+","Moderate in-game text - needs crib sheet or paste ups","","","","","","standalone","","","","","","","","","","E","","IELLO","French","2021","French edition"
"King of Tokyo","70323","8","13","1","1","0","0","0","0","0","0","0","1","","","","","","13704228","7.00786","7.11321","1.484","497","112260","thing","King of Tokyo","2","6","30","30","30","2011","3,4,5,6","4,5","6+","Moderate in-game text - needs crib sheet or paste ups","","","","","","standalone","","","","","","","","","","A1","2024-09-17","IELLO","French","2011","French first edition"
"King of Tokyo: Halloween","147183","0","0","0","1","0","0","0","0","0","0","0","3","","","","","","20209650","6.62917","7.21138","1.7086","0","17206","thing","King of Tokyo: Halloween","2","6","30","30","30","2013","3,4,5,6","4,5","8+","Moderate in-game text - needs crib sheet or paste ups","","","","","","expansion","","","","","","","","","","","","IELLO","French","2013","French first edition"
"King of Tokyo: Power Up!","127067","0","0","0","1","0","0","0","0","0","0","0","1","","","","","","16188634","7.19773","7.58148","1.7135","0","33313","thing","King of Tokyo: Power Up!","2","6","30","30","30","2012","3,4,5,6","4,5","8+","Moderate in-game text - needs crib sheet or paste ups","","","","","","expansion","","","","","","","","","","","","IELLO","French","2012","French first edition"
"King of Tokyo: Promo Cards","98833","0","0","0","1","0","0","0","0","0","0","0","3","","","","","","16228013","6.10241","7.4478","1.5397","0","3822","thing","King of Tokyo: Promo Cards","2","6","30","30","30","2011","3,4,5,6","4","8+","Moderate in-game text - needs crib sheet or paste ups","","","","","","expansion","","","","","","","","","","","","","","",""
"King of Tokyo/New York: Monster Pack – King Kong","233076","0","0","0","1","0","0","0","0","0","0","0","1","","","","","","50800048","5.96765","7.26389","1.9167","0","5674","thing","King of Tokyo/New York: Monster Pack – King Kong","2","6","30","0","30","2017","2,3,4,5,6","4","8+","Unplayable in another language","","","","","","expansion","","","","","","","","","","","","","","",""
"Knarr","379629","8","6","0","1","0","0","0","0","0","0","0","3","","","","","","112264412","7.0061","7.46987","1.8969","499","13215","thing","Knarr","2","4","30","30","30","2023","2,3,4","3","10+","No necessary in-game text","","","","","","standalone","","","","","","","","","","","","Bombyx","English; French","2023","French/English edition 2023"
"Kutná Hora: The City of Silver","385610","0","0","0","1","0","0","0","0","0","0","0","3","LaPioche","","","","","110542291","7.02476","7.75254","3.3396","475","8555","thing","Kutná Hora: The City of Silver","2","4","120","120","60","2023","2,3,4","3,4","12+","Some necessary text - easily memorized or small crib sheet","","","","","","standalone","","","","","","","","","","","","Czech Games Edition (CGE)","English","2023","English edition"
"Kyoto no Neko","417155","0","2","0","1","0","0","0","0","0","0","0","3","Lilojeux","","","","","117749807","5.70242","6.59102","1.7692","6264","1647","thing","Kyoto no Neko","2","4","35","35","35","2024","2,3,4","4","8+","No necessary in-game text","","","","","","standalone","","","","","","","","","","","","Matagot","English; French","2024","English/French edition"
"L'Âge de Pierre","34635","6.5","3","0","1","0","0","0","0","0","0","0","3","","","","","","12583982","7.37947","7.50991","2.4558","188","62438","thing","Stone Age","2","4","90","90","60","2008","2,3,4","4","10+","No necessary in-game text","","","","","","standalone","","","","","","","","","","B3","2024-09-12","","","",""
"L'Île des Chats","281259","8","36","0","1","0","0","0","0","0","0","0","3","EspaceJeux","","","","","75613621","7.36641","7.61253","2.3598","197","43613","thing","The Isle of Cats","1","4","90","90","60","2020","1,2,3,4","3","8+","Moderate in-game text - needs crib sheet or paste ups","","","","","","standalone","","","","","","","","","","20X5","2024-09-12","Lucky Duck Games","French","2020","French edition"
"L'île des chats: Bêtes + Chatons","338020","0","0","0","1","0","0","0","0","0","0","0","1","","","","","","121331224","6.35975","8.23437","2.875","0","7539","thing","The Isle of Cats: Kittens + Beasts","1","6","90","90","30","2022","1,2,3,4,5,6","3","8+","Moderate in-game text - needs crib sheet or paste ups","","","","","","expansion","","","","","","","","","","","","Lucky Duck Games","French","2022","French edition"
"L'île des chats: Explore & draw","338460","0","0","0","1","0","0","0","0","0","0","0","3","","","","","","106315452","6.33516","7.32818","2.2","1761","5813","thing","The Isle of Cats: Explore & Draw","1","6","45","45","30","2022","1,2,3,4,5,6","2,3,4","10+","Moderate in-game text - needs crib sheet or paste ups","","","","","","standalone","","","","","","","","","","","","Lucky Duck Games","French","2022","French edition"
"L'Île des Chats: Pack de bateaux","338021","0","0","0","1","0","0","0","0","0","0","0","3","","","","","","99470288","6.18126","8.15177","1.3333","0","5993","thing","The Isle of Cats: Boat Pack","1","6","90","90","30","2022","1,2,3,4,5","1,3,4,5","","Some necessary text - easily memorized or small crib sheet","","","","","","expansion","","","","","","","","","","","","Lucky Duck Games","French","2022","French edition"
"L'île des trains: Tous à bord","355224","7","0","0","1","0","0","0","0","0","0","0","3","Kickstater","","","","","96005032","6.09459","6.92303","2.2667","2684","4310","thing","Isle of Trains: All Aboard","1","4","60","60","60","2023","1,2,3,4","3","10+","No necessary in-game text","","","","","","standalone","","","","","","","","","","","","Dranda Games","English","2023","English retail edition"
"La Rivière de l'Or","399941","8","0","0","1","0","0","0","0","0","0","0","3","VF Lilojeux","","","","","121737946","6.81135","7.56114","2.4897","744","6500","thing","River of Gold","2","4","90","90","60","2024","2,3,4","3","12+","Some necessary text - easily memorized or small crib sheet","","","","","","standalone","","","","","","","","","","","","Office Dog","English","2024","English edition"
"La Route du Verre","143693","0","1","0","1","0","0","0","0","0","0","0","1","","","","","","21319907","7.10078","7.40823","2.957","391","16165","thing","Glass Road","1","4","80","80","20","2013","1,2,3,4","2","12+","Some necessary text - easily memorized or small crib sheet","","","","","","standalone","","","","","","","","","","","","Filosofia Éditions","French","2013","French edition"
"Lama: le jeu de dés","325853","7","1","0","1","0","0","0","0","0","0","0","3","","","","","","93385049","5.94953","6.5709","1.1143","3502","3859","thing","Don't L.L.A.M.A. Dice","2","6","20","20","20","2022","2,3,4,5,6","4","6+","No necessary in-game text","","","","","","standalone","","","","","","","","","","","","Gigamic","French","2022","French edition"
"Las Vegas","117959","7.5","13","0","1","0","0","0","0","0","0","0","3","","","","","","16957661","6.89573","7.18316","1.166","625","15437","thing","Las Vegas","2","5","30","30","30","2012","3,4,5","4","8+","No necessary in-game text","","","","","","standalone","","","","","","","","","","A1","2024-09-17","alea; Ravensburger AG","English; French; German","2012","Multilingual third edition"
"Las Vegas: Boulevard","149975","0","0","0","1","0","0","0","0","0","0","0","3","","","","","","36412634","6.10954","7.35789","1.68","0","2685","thing","Las Vegas: Boulevard","1","8","75","75","30","2014","2,3,4,5,6,7,8","4,5,6","8+","Moderate in-game text - needs crib sheet or paste ups","","","","","","expansion","","","","","","","","","","","","","","",""
"Last Aurora","274450","0","0","0","1","0","0","0","0","0","0","0","3","","","","","","105121002","6.22405","7.26082","2.7949","2151","3933","thing","Last Aurora","1","4","90","90","60","2022","1,2,3,4","4","12+","Moderate in-game text - needs crib sheet or paste ups","","","","","","standalone","","","","","","","","","","","","Matagot","French","2022","French edition"
"Last Will","97842","8","2","0","1","0","0","0","0","0","0","0","3","","","","","","15826327","6.85914","7.16237","2.7157","676","12875","thing","Last Will","2","5","75","75","45","2012","2,3,4,5","4","12+","No necessary in-game text","","","","","","standalone","","","","","","","","","","A3","2024-09-17","IELLO","French","2012","French edition"
"Last Will: Messenger Promo Card","132436","0","0","0","1","0","0","0","0","0","0","0","3","","","","","","41865782","5.67567","7.14092","2.2353","0","1790","thing","Last Will: Messenger Promo Card","2","5","60","60","60","2012","2,3,4,5","2,3","12+","No necessary in-game text","","","","","","expansion","","","","","","","","","","","","","","",""
"Last Will: Plan Order Board","111171","0","0","0","1","0","0","0","0","0","0","0","1","","","","","","41819946","5.60449","6.74074","2.5833","0","1151","thing","Last Will: Plan Order Board","2","5","45","45","45","2011","4","4","","","","","","","","expansion","","","","","","","","","","","","","","",""
"Le Bien & Le Malt","227789","7.5","6","0","1","0","0","0","0","0","0","0","3","","","","","","42742507","7.09818","7.52855","3.1621","392","12013","thing","Heaven & Ale","2","4","90","90","60","2017","2,3,4","4","12+","No necessary in-game text","","","","","","standalone","","","","","","","","","","E4","2024-09-17","","","",""
"Le Comte de Carcassonne","12903","0","1","0","1","0","0","0","0","0","0","0","3","","","","","","11656729","5.74821","5.96738","2.0059","0","9713","thing","Carcassonne: The Count of Carcassonne","2","6","60","60","60","2004","2,3,4,5","3,4","8+","No necessary in-game text","","","","","","expansion","","","","","","","","","","","","","","",""
"Les Aventuriers du Rail","9209","7","1","0","1","0","0","0","0","0","0","0","3","","","","","","11656680","7.26116","7.38533","1.8193","262","149418","thing","Ticket to Ride","2","5","60","60","30","2004","2,3,4,5","4","8+","No necessary in-game text","","","","","","standalone","","","","","","","","","","B5","2024-09-12","","","",""
"Les Aventuriers du Rail - Asie & Asie Légendaire","106637","0","0","0","1","0","0","0","0","0","0","0","1","","","","","","13669339","7.04587","7.65328","1.96","0","16860","thing","Ticket to Ride Map Collection 1: Asia + Legendary Asia","2","6","60","60","30","2011","2,3,4,5,6","4,6","8+","No necessary in-game text","","","","","","expansion","","","","","","","","","","","","","","",""
"Les Aventuriers du Rail:  Inde","106645","0","0","0","1","0","0","0","0","0","0","0","1","","","","","","13669332","7.13095","7.7458","2.0141","0","17865","thing","Ticket to Ride Map Collection 2: India & Switzerland","2","4","60","60","30","2011","2,3,4","3","8+","No necessary in-game text","","","","","","expansion","","","","","","","","","","","","","","",""
"Les Aventuriers du Rail: Europe","14996","7.5","0","0","1","0","0","0","0","0","0","0","3","","","","","","11656690","7.3945","7.52306","1.915","178","138489","thing","Ticket to Ride: Europe","2","5","60","60","30","2005","2,3,4,5","4","8+","No necessary in-game text","","","","","","standalone","","","","","","","","","","B5","2024-09-12","","","",""
"Les Aventuriers du Rail: Europe 1912","53383","0","0","0","1","0","0","0","0","0","0","0","3","","","","","","12255777","7.00204","7.63448","1.9291","0","21166","thing","Ticket to Ride: Europa 1912","2","5","60","60","30","2009","2,3,4,5","4","8+","No necessary in-game text","","","","","","expansion","","","","","","","","","Mat","","","","","",""
"Les aventuriers du rail: Pays-Bas","147938","0","0","0","1","0","0","0","0","0","0","0","1","","","","","","20408487","6.53127","7.35119","2.1364","0","10402","thing","Ticket to Ride Map Collection 4: Nederland","2","5","60","60","30","2013","3,4,5","4,5","10+","No necessary in-game text","","","","","","expansion","","","","","","","","","","","","","","",""
"Les Aventuriers du Rail: Scandinavie","31627","0","1","0","1","0","0","0","0","0","0","0","3","","","","","","20141318","7.29709","7.61973","1.9635","240","24738","thing","Ticket to Ride: Nordic Countries","2","3","60","60","30","2007","2,3","3","8+","No necessary in-game text","","","","","","standalone","","","","","","","","","","B5","2024-09-12","","","",""
"Les Aventuriers du Rail: USA 1910","24439","0","0","0","1","0","0","0","0","0","0","0","3","","","","","","11656684","7.52882","7.99327","1.8909","0","28637","thing","Ticket to Ride: USA 1910","2","5","60","60","30","2006","2,3,4,5","4","8+","No necessary in-game text","","","","","","expansion","","","","","","","","","","","","","","",""
"Les Charlatans de Belcastel","244521","8.5","12","0","1","0","0","0","0","0","0","0","1","","","","","","57952598","7.66731","7.80382","1.9416","79","94291","thing","Quacks","2","4","45","45","45","2018","2,3,4","4","8+","Moderate in-game text - needs crib sheet or paste ups","","","","","","standalone","","","","","","","","","","B4","2024-09-09","Schmidt Spiele","French","2018","French edition"
"Les Châteaux de Bourgogne: Nouveaux plateaux de joueurs","110926","0","0","0","1","0","0","0","0","0","0","0","3","","","","","","15462335","6.16069","7.92829","2.8913","0","2991","thing","The Castles of Burgundy: 1st Expansion – New Player Boards","2","4","90","90","90","2011","2,3,4","2","10+","No necessary in-game text","","","","","","expansion","","","","","","","","","","","","","","",""
"Les Cités Perdues","50","7.5","5","0","1","0","0","0","0","0","0","0","1","","","","","","14510819","7.15289","7.25905","1.4745","345","76440","thing","Lost Cities","2","2","30","30","30","1999","2","2","8+","No necessary in-game text","","","","","","standalone","","","","","","","","","","","","","","",""
"Les Dames de Troyes","127061","0","0","0","1","0","0","0","0","0","0","0","1","","","","","","17716759","6.69064","7.9733","3.5368","0","9269","thing","Troyes: The Ladies of Troyes","2","4","90","90","90","2012","2,3,4","3","12+","No necessary in-game text","","","","","","expansion","","","","","","","","","","","","","","",""
"Let's Go! To Japan","368173","0","0","0","1","0","0","0","0","0","0","0","1","","","","","","124537401","7.06722","7.57665","2.2462","427","13642","thing","Let's Go! To Japan","1","4","60","60","45","2024","1,2,3,4","3","10+","Some necessary text - easily memorized or small crib sheet","","","","","","standalone","","","","","","","","","","","","Alderac Entertainment Group; Don't Panic Games","French","2024","French edition"
"Lewis & Clark","140620","7.5","2","0","1","0","0","0","0","0","0","0","3","","","","","","21163376","7.16705","7.42911","3.3182","332","20514","thing","Lewis & Clark: The Expedition","1","5","120","120","120","2013","1,2,3,4","3","12+","No necessary in-game text","","","","","","standalone","","","","","","","","","","","","Ludonaute","English; French; German","2013","Multilingual edition 2013"
"Lewis & Clark: Bauza & Cathala","164557","0","0","0","1","0","0","0","0","0","0","0","1","","","","","","28019576","5.57283","7.09167","3","0","899","thing","Lewis & Clark: Bauza & Cathala","1","5","120","120","120","2014","","","","","","","","","","expansion","","","","","","","","","","","","","","",""
"Lewis & Clark: Martin Wallace","164556","0","0","0","1","0","0","0","0","0","0","0","1","","","","","","28019579","5.57084","7.12618","3.6667","0","902","thing","Lewis & Clark: Martin Wallace","1","5","120","120","120","2014","","","","","","","","","","expansion","","","","","","","","","","","","","","",""
"Lewis & Clark: Uwe Rosenberg","164555","0","0","0","1","0","0","0","0","0","0","0","1","","","","","","28018839","5.5851","7.18208","3.5","0","948","thing","Lewis & Clark: Uwe Rosenberg","1","5","120","120","120","2014","","","","","","","","","","expansion","","","","","","","","","","","","","","",""
"Libertalia: Les Vents de Galecrest","356033","0","0","0","1","0","0","0","0","0","0","0","3","","","","","","118205846","6.98886","7.43763","2.1896","516","15300","thing","Libertalia: Winds of Galecrest","1","6","60","60","45","2022","1,2,3,4,5,6","4,5,6","10+","Moderate in-game text - needs crib sheet or paste ups","","","","","","standalone","","","","","","","","","","C2","2024-09-17","Matagot; Stonemaier Games","French","2022","French edition"
"Life of the Amazonia","368305","8.5","0","0","1","0","0","0","0","0","0","0","1","BGBliss","","","","","109699574","7.01525","8.08817","2.863","488","6682","thing","Life of the Amazonia","1","4","150","150","60","2023","1,2,3","2","10+","Some necessary text - easily memorized or small crib sheet","","","","","","standalone","","","","","","","","","","","","","","",""
"Lisboa","161533","8.8","1","0","1","0","0","0","0","0","0","0","1","","","","","","48709030","7.70939","8.1694","4.5646","69","19090","thing","Lisboa","1","4","120","120","60","2017","1,2,3,4","3","14+","No necessary in-game text","","","","","","standalone","","","","","","","","","","C5","2024-09-09","","","",""
"Lisboa: Queen Variant","301771","0","0","0","1","0","0","0","0","0","0","0","1","","","","","","81178015","5.86749","8.32561","3.3077","0","2779","thing","Lisboa: Queen Variant","1","4","120","120","60","2020","1,2,3","2,3","","No necessary in-game text","","","","","","expansion","","","","","","","","","","","","","","",""
"Long Shot: The Dice Game","295374","9","1","0","1","0","0","0","0","0","0","0","3","Kickstarter","","","","","80891105","7.12634","7.51855","1.9455","365","19073","thing","Long Shot: The Dice Game","1","8","25","25","25","2022","1,2,3,4,5,6,7,8","4,5","10+","Some necessary text - easily memorized or small crib sheet","","","","","","standalone","","","","","","","","","","A2","2024-09-17","Perplext","English","2022","English edition"
"Long Shot: The Dice Game – Horse Set 4 (Boot) Mini-Expansion","358455","0","0","0","1","0","0","0","0","0","0","0","1","","","","","","100865219","5.55606","7.89154","2","0","777","thing","Long Shot: The Dice Game – Horse Set 4 (Boot) Mini-Expansion","1","8","30","30","20","2022","","","","","","","","","","expansion","","","","","","","","","","","","","","",""
"Long Shot: The Dice Game – Horse Set 5 (Hot Dog) Mini-Expansion","358456","0","0","0","1","0","0","0","0","0","0","0","1","","","","","","100865217","5.55759","7.8355","2.5","0","786","thing","Long Shot: The Dice Game – Horse Set 5 (Hot Dog) Mini-Expansion","1","8","30","30","20","2022","","","","","","","","","","expansion","","","","","","","","","","","","","","",""
"Long Shot: The Dice Game – Track Events Mini-Expansion","358454","0","0","0","1","0","0","0","0","0","0","0","1","","","","","","100865214","5.55669","7.57248","2.5","0","825","thing","Long Shot: The Dice Game – Track Events Mini-Expansion","1","8","30","30","20","2022","","","","","","","","","","expansion","","","","","","","","","","","","","","",""
"The LOOP","316412","8","0","0","1","0","0","0","0","0","0","0","3","","","","","","81682557","6.99899","7.69763","2.788","505","11470","thing","The LOOP","1","4","60","60","60","2020","1,2,3,4","2","10+","Extensive use of text - massive conversion needed to be playable","","","","","","standalone","","","","","","","","","","C4","2024-09-17","Catch Up Games","French","2020","French edition"
"The LOOP: La Revanche de Foozilla","338324","0","0","0","1","0","0","0","0","0","0","0","3","Lillojeux","","","","","83497815","5.80476","8.21811","2.75","0","2409","thing","The LOOP: The Revenge of Fauxzilla","1","4","75","75","50","2021","1,2,3","2","14+","Moderate in-game text - needs crib sheet or paste ups","","","","","","expansion","","","","","","","","","","","","Catch Up Games","French","2021","French edition"
"Lords of Waterdeep","110327","8","1","0","1","0","0","0","0","0","0","0","1","","","","","","20296099","7.58081","7.72924","2.4489","106","74611","thing","Lords of Waterdeep","2","5","120","120","60","2012","2,3,4,5","3,4","10+","Moderate in-game text - needs crib sheet or paste ups","","","","","","standalone","","","","","","","","","","F","2024-09-09","Wizards of the Coast","English","2012","English edition, first printing"
"Lords of Waterdeep: Rapid Expansion Promo Card","146704","0","0","0","1","0","0","0","0","0","0","0","1","","","","","","20296100","5.7182","7.62685","2.75","0","1212","thing","Lords of Waterdeep: Rapid Expansion Promo Card","2","5","120","120","60","2013","3,4,5","4","10+","Some necessary text - easily memorized or small crib sheet","","","","","","expansion","","","","","","","","","","","","Wizards of the Coast","English","2013","Gencon 2013 edition"
"Lords of Waterdeep: Scoundrels of Skullport","134342","0","0","0","1","0","0","0","0","0","0","0","3","","","","","","20065438","7.78726","8.20977","2.6513","0","36107","thing","Lords of Waterdeep: Scoundrels of Skullport","2","6","60","60","60","2013","2,3,4,5,6","4","12+","Moderate in-game text - needs crib sheet or paste ups","","","","","","expansion","","","","","","","","","","","","Wizards of the Coast","English","2013","English first edition"
"Lorenzo il Magnifico","203993","7.5","0","0","1","0","0","0","0","0","0","0","3","","","","","","37457987","7.48781","7.82373","3.2896","142","17913","thing","Lorenzo il Magnifico","2","4","120","120","60","2017","2,3,4","3,4","12+","No necessary in-game text","","","","","","standalone","","","","","","","","","","A3","2024-09-09","CMON Global Limited; Cranio Creations","English","2017","English second edition"
"Lorenzo il Magnifico: Bonus Card expansion","211907","0","0","0","1","0","0","0","0","0","0","0","3","","","","","","96890105","5.57177","7.34135","3","0","992","thing","Lorenzo il Magnifico: Bonus Card expansion","2","5","120","120","60","2016","2,3,4","3","","No necessary in-game text","","","","","","expansion","","","","","","","","","","","","Cranio Creations","English","2016","English edition 2016"
"Lorenzo il Magnifico: Houses of Renaissance","229123","0","0","0","1","0","0","0","0","0","0","0","3","","","","","","50412110","6.59015","8.20373","3.4894","0","5058","thing","Lorenzo il Magnifico: Houses of Renaissance","2","5","120","120","60","2017","2,3,4,5","3,4","10+","No necessary in-game text","","","","","","expansion","","","","","","","","","","","","","","",""
"Lorenzo il Magnifico: New Excommunications","366473","0","0","0","1","0","0","0","0","0","0","0","3","","","","","","96890043","5.56236","7.61096","3","0","837","thing","Lorenzo il Magnifico: New Excommunications","2","4","120","120","60","2022","2,3,4","4","12+","No necessary in-game text","","","","","","expansion","","","","","","","","","","","","Cranio Creations","(neutral)","2022","Italian edition"
"Lorenzo il Magnifico: New Leaders #3","366471","0","0","0","1","0","0","0","0","0","0","0","3","","","","","","96890049","5.55941","7.79219","3","0","816","thing","Lorenzo il Magnifico: New Leaders #3","2","4","120","120","60","2022","2,3,4","4","12+","No necessary in-game text","","","","","","expansion","","","","","","","","","","","","Cranio Creations","(neutral)","2022","Italian edition"
"Lorenzo Il Magnifico: Promo Visconti/Della Scala","346078","0","0","0","1","0","0","0","0","0","0","0","3","","","","","","96890056","5.55166","7.60771","2","0","647","thing","Lorenzo Il Magnifico: Promo Visconti/Della Scala","2","5","120","120","60","2021","","","","","","","","","","expansion","","","","","","","","","","","","Cranio Creations","English","2021","English edition"
"Lorenzo il Magnifico: The Pazzi Conspiracy Kickstarter Edition","274203","0","0","0","1","0","0","0","0","0","0","0","3","Kickstarter","","","","","59094190","5.72169","7.84225","3","0","1480","thing","Lorenzo il Magnifico: The Pazzi Conspiracy Kickstarter Edition","2","5","120","120","60","2019","3,4","3","","","","","","","","expansion","","","","","","","","","","","","","","",""
"Lost Ruins of Arnak","312484","9","25","0","1","0","0","0","0","0","0","0","3","","","","","","74530620","7.91659","8.08291","2.9317","30","87108","thing","Lost Ruins of Arnak","1","4","120","120","30","2020","1,2,3,4","3","10+","Moderate in-game text - needs crib sheet or paste ups","","","","","","standalone","","","","","","","","","","A4","2024-09-09","Czech Games Edition (CGE)","English","2020","English edition"
"Lost Ruins of Arnak: Expedition Leaders","341254","9","0","0","1","0","0","0","0","0","0","0","1","BoardGameBliss","","","","","88897671","8.02542","8.71172","3.1122","0","35508","thing","Lost Ruins of Arnak: Expedition Leaders","1","4","120","120","30","2021","1,2,3,4","3","12+","Moderate in-game text - needs crib sheet or paste ups","","","","","","expansion","","","","","","","","","","","","Czech Games Edition (CGE)","English","2021","English edition"
"Lost Ruins of Arnak: Rat Promo Card","430008","0","0","0","1","0","0","0","0","0","0","0","1","","","","","","130266488","5.67182","8.33957","2.5","0","1689","thing","Lost Ruins of Arnak: Rat Promo Card","1","4","0","0","0","2024","1,2,3,4","1,2,3,4","12+","Some necessary text - easily memorized or small crib sheet","","","","","","expansion","","","","","","","","","","","","","","",""
"Lost Ruins of Arnak: Saxophone Promo Card","336817","0","0","0","1","0","0","0","0","0","0","0","1","","","","","","130266468","5.87295","7.98042","2.375","0","3743","thing","Lost Ruins of Arnak: Saxophone Promo Card","1","4","120","120","30","2021","1,2,3,4","1,2,3,4","12+","Moderate in-game text - needs crib sheet or paste ups","","","","","","expansion","","","","","","","","","","","","","","",""
"Lost Ruins of Arnak: Soothsayer's Runes Promo Card","330677","0","0","0","1","0","0","0","0","0","0","0","1","","","","","","130266471","5.82761","7.94624","2","0","3365","thing","Lost Ruins of Arnak: Soothsayer's Runes Promo Card","1","4","120","120","30","2021","1,2,3,4","2,3,4","12+","","","","","","","expansion","","","","","","","","","","","","","","",""
"Lost Ruins of Arnak: The Missing Expedition","382350","0","0","0","1","0","0","0","0","0","0","0","1","","","","","","104851428","7.34433","8.66416","3.2222","0","19539","thing","Lost Ruins of Arnak: The Missing Expedition","1","4","120","120","30","2023","1,2,3,4","1,2,3","12+","Moderate in-game text - needs crib sheet or paste ups","","","","","","expansion","","","","","","","","","","","","","","",""
"Lost Ruins of Arnak: The Search for Professor Kutil","338841","0","0","0","1","0","0","0","0","0","0","0","3","","","","","","82559083","5.89979","8.57594","2.95","0","1142","thing","Lost Ruins of Arnak: The Search for Professor Kutil","1","1","60","60","30","2021","1","1","12+","Some necessary text - easily memorized or small crib sheet","","","","","","expansion","","","","","","","","","","","","","","",""
"Lost Ruins of Arnak: Twisted Paths","439816","0","0","0","1","0","0","0","0","0","0","0","1","","","","","","130266464","6.58793","8.74683","3.3529","0","9092","thing","Lost Ruins of Arnak: Twisted Paths","1","4","120","120","30","2025","1,2,3,4","1,2,3","12+","No necessary in-game text","","","","","","expansion","","","","","","","","","","","","","","",""
"Love Letter","129622","6","0","0","1","0","0","0","0","0","0","0","1","","","","","","18969969","7.12224","7.2262","1.1846","368","118021","thing","Love Letter","2","4","20","20","20","2013","3,4","4","8+","Some necessary text - easily memorized or small crib sheet","","","","","","standalone","","","","","","","","","","","","Filosofia Éditions","French","2013","French edition 2013"
"Lucky Numbers","118247","0","24","0","1","0","0","0","0","0","0","0","3","","","","","","123522696","6.06664","6.40365","1.1345","2834","4687","thing","Lucky Numbers","1","4","20","20","20","2020","2,3,4","3","8+","No necessary in-game text","","","","","","standalone","","","","","","","","","","BAC#4","","TIKI Editions","French","2020","French second edition"
"Lure","415780","6","0","0","1","0","0","0","0","0","0","0","3","Kickstarter","","","","","123680800","6.12997","6.81874","1.2368","2524","4509","thing","Lure","2","5","15","15","15","2024","2,3,4,5","4","8+","No necessary in-game text","","","","","","standalone","","","","","","","","","","","","Allplay","English","2024","English edition"
"Lure: Deep Waters","419579","0","0","0","1","0","0","0","0","0","0","0","3","Kickstarter","","","","","123680803","5.71253","7.44687","1.2","0","1831","thing","Lure: Deep Waters","2","5","25","25","15","2024","2,3,4,5","3,4","","No necessary in-game text","","","","","","expansion","","","","","","","","","","","","Allplay","English","2024","English edition"
"Luthier","371330","0","0","0","1","0","0","0","0","0","0","0","3","Kickstarter","","","","","107357489","6.93756","8.17684","3.7889","576","6070","thing","Luthier","1","4","150","150","90","2025","1,2,3,4","3","14+","Some necessary text - easily memorized or small crib sheet","","","","","","standalone","","","","","","","","","","","","","","",""
"Madeira","95527","7.5","0","0","1","0","0","0","0","0","0","0","1","","","","","","24866086","6.83724","7.52226","4.3013","709","5691","thing","Madeira","2","4","150","150","60","2014","2,3,4","4","14+","No necessary in-game text","","","","","","standalone","","","","","","","","","","B1","2024-09-17","IELLO","French","2014","French edition"
"Madeira: The Ambassadors","157327","0","0","0","1","0","0","0","0","0","0","0","1","","","","","","24866088","5.65205","7.58415","3.8571","0","1034","thing","Madeira: The Ambassadors","2","4","120","120","120","2014","2,3,4","3","12+","No necessary in-game text","","","","","","expansion","","","","","","","","","","","","","","",""
"Madeira: The Harvester","152388","0","0","0","1","0","0","0","0","0","0","0","1","","","","","","24866094","5.62851","7.68793","3.5","0","779","thing","Madeira: The Harvester","2","4","120","120","120","2013","2,3,4","3","14+","No necessary in-game text","","","","","","expansion","","","","","","","","","","","","","","",""
"Magic: The Gathering","463","0","0","0","1","0","0","0","0","0","0","0","1","","","","","","17433126","7.41267","7.59688","3.283","167","47945","thing","Magic: The Gathering","2","6","20","20","20","1993","2,3,4","2","12+","Unplayable in another language","","","","","","standalone","","","","","","","","","","","","","","",""
"Maglev Maps: Volume 2","437651","0","0","0","1","0","0","0","0","0","0","0","3","Kickstarter","","","","","134751238","0","7.22","0","0","227","thing","Maglev Maps: Volume 2","1","4","90","90","60","2026","","","","","","","","","","expansion","","","","","","","","","","","","Bézier Games","English","2026","English edition"
"Maglev Metro","301257","7","1","0","1","0","0","0","0","0","0","0","3","","","","","","69552763","6.46894","7.18987","2.8642","1400","5621","thing","Maglev Metro","1","4","90","90","60","2021","2,3,4","3","12+","Some necessary text - easily memorized or small crib sheet","","","","","","standalone","","","","","","","","","","A7","2022-06-05","Bézier Games","English","2021","English edition"
"The Magnificent","283863","7.5","0","0","1","0","0","0","0","0","0","0","3","La Revanche","","","","","70920107","6.74944","7.46972","3.134","831","7533","thing","The Magnificent","1","4","90","90","60","2019","1,2,3,4","2","12+","No necessary in-game text","","","","","","standalone","","","","","","","","","","C","","Aporta Games","English","2019","English edition"
"The Magnificent: SNØ","316337","0","0","0","1","0","0","0","0","0","0","0","3","","","","","","80918562","5.67034","7.75539","3.2","0","1017","thing","The Magnificent: SNØ","1","5","120","120","60","2020","4","4","","","","","","","","expansion","","","","","","","","","","","","Aporta Games; Matagot","English; French","2020","English/French edition"
"Maharani: Two-Colored Center Column Tiles","132433","0","0","0","1","0","0","0","0","0","0","0","3","","","","","","41867247","5.53632","6.83667","2.3333","0","486","thing","Maharani: Two-Colored Center Column Tiles","2","4","40","40","40","2012","","","","No necessary in-game text","","","","","","expansion","","","","","","","","","","","","","","",""
"Maharani: Wild Card Tiles","132432","0","0","0","1","0","0","0","0","0","0","0","3","","","","","","41867246","5.52993","6.88","1.6667","0","461","thing","Maharani: Wild Card Tiles","2","4","40","40","40","2012","","","","No necessary in-game text","","","","","","expansion","","","","","","","","","","","","","","",""
"Majesty: For the Realm","230080","7.5","22","0","1","0","0","0","0","0","0","0","3","","","","","","47242773","6.53216","6.91897","1.7166","1250","8579","thing","Majesty: For the Realm","2","4","30","30","20","2017","2,3,4","4","8+","Some necessary text - easily memorized or small crib sheet","","","","","","standalone","","","","","","","","","","A2","2021-07-11","","","",""
"Mamma Mia!","49","0","1","0","1","0","0","0","0","0","0","0","3","","","","","","11656856","6.21262","6.49149","1.3583","2191","9293","thing","Mamma Mia!","2","5","30","30","30","1998","2,3,4,5","4","8+","No necessary in-game text","","","","","","standalone","","","","","","","","","","P1","2021-07-11","","","",""
"Mansions of Madness: Second Edition – Sanctum of Twilight: Expansion","241533","0","0","0","1","0","0","0","0","0","0","0","1","","","","","","54631310","6.83332","8.3774","2.65","0","14147","thing","Mansions of Madness: Second Edition – Sanctum of Twilight: Expansion","1","5","180","180","120","2018","1,2,3,4,5","4","14+","Extensive use of text - massive conversion needed to be playable","","","","","","expansion","","","","","","","","","","","","","","",""
"Marco Polo II: In the Service of the Khan","283948","8","5","0","1","0","0","0","0","0","0","0","1","BoardGameBliss","","","","","81226571","7.36073","7.91952","3.378","203","10343","thing","Marco Polo II: In the Service of the Khan","2","4","120","120","60","2020","2,3,4","3","12+","No necessary in-game text","","","","","","standalone","","","","","","","","","","A3","2024-09-12","Z-Man Games","English","2020","English edition"
"Marrakesh","342810","9","0","0","1","0","0","0","0","0","0","0","3","BoardGameBliss","","","","","95962396","7.15324","8.07455","3.4527","344","7535","thing","Marrakesh","2","4","120","120","120","2022","2,3,4","3","14+","No necessary in-game text","","","","","","standalone","","","","","","","","","","B5","2024-09-17","Queen Games","English; German","2022","English/German Classic edition"
"Marrakesh: Camels & Nomads","396446","0","0","0","1","0","0","0","0","0","0","0","3","","","","","","130037059","5.69925","7.885","3.5","0","1611","thing","Marrakesh: Camels & Nomads","1","4","120","120","120","2023","3","3","14+","No necessary in-game text","","","","","","expansion","","","","","","","","","","","","Queen Games","English; French; German","2023","EN/FR/DE edition"
"Marrakesh: Gems & Experts","439215","0","0","0","1","0","0","0","0","0","0","0","3","","","","","","130037062","0","8.02621","0","0","406","thing","Marrakesh: Gems & Experts","2","4","120","120","120","2025","","","","","","","","","","expansion","","","","","","","","","","","","Queen Games","English; French; German","2025","ENG/FRE/GER edition"
"Marrakesh: Queenie 1 – Boats & Queenie 2 – Chess Sets","430658","0","0","0","1","0","0","0","0","0","0","0","3","","","","","","133142379","0","7.38","0","0","286","thing","Marrakesh: Queenie 1 – Boats & Queenie 2 – Chess Sets","2","4","120","120","120","2024","","","","","","","","","","expansion","","","","","","","","","","","","Queen Games","English; German","2024","Multilingual edition"
"Marvel Champions: The Card Game","285774","9","13","0","1","0","0","0","0","0","0","0","3","BoardGameBliss","","","","","63352211","7.78627","8.10329","2.9602","48","48148","thing","Marvel Champions: The Card Game","1","4","90","90","45","2019","1,2,3","1,2","12+","Extensive use of text - massive conversion needed to be playable","","","","","","standalone","","","","","","","","","","D5","2024-09-09","Fantasy Flight Games","English","2019","English edition"
"Marvel Champions: The Card Game – Agents of S.H.I.E.L.D.","430260","0","0","0","1","0","0","0","0","0","0","0","1","","","","","","129445889","5.78571","8.52045","3","0","3203","thing","Marvel Champions: The Card Game – Agents of S.H.I.E.L.D.","1","4","90","90","45","2025","1,2,3,4","2","12+","Extensive use of text - massive conversion needed to be playable","","","","","","expansion","","","","","","","","","","","","","","",""
"Marvel Champions: The Card Game – Ant-Man Hero Pack","315981","8","0","0","1","0","0","0","0","0","0","0","1","BoardGameBliss","","","","","74278325","6.4709","8.33664","2.7143","0","10123","thing","Marvel Champions: The Card Game – Ant-Man Hero Pack","1","4","90","90","45","2020","1,2,3,4","1,2","12+","Extensive use of text - massive conversion needed to be playable","","","","","","expansion","","","","","","","","","","","","","","",""
"Marvel Champions: The Card Game – Black Widow Hero Pack","299049","0","0","0","1","0","0","0","0","0","0","0","1","BoardGameBliss","","","","","68662895","6.50185","8.07936","2.8571","0","11813","thing","Marvel Champions: The Card Game – Black Widow Hero Pack","1","4","90","90","45","2020","1,2,3","2","12+","Extensive use of text - massive conversion needed to be playable","","","","","","expansion","","","","","","","","","BoardGameBliss","","","Fantasy Flight Games","English","2020","English edition"
"Marvel Champions: The Card Game – Captain America Hero Pack","289222","0","0","0","1","0","0","0","0","0","0","0","1","BoardGameBliss","","","","","64624810","6.8534","8.42157","2.4","0","13512","thing","Marvel Champions: The Card Game – Captain America Hero Pack","1","4","90","90","45","2019","1,2,3,4","1,2","12+","Extensive use of text - massive conversion needed to be playable","","","","","","expansion","","","","","","","","","","","","","","",""
"Marvel Champions: The Card Game – Cyclops Hero Pack","365913","0","0","0","1","0","0","0","0","0","0","0","1","","","","","","96720460","6.00652","8.30854","2.6667","0","5751","thing","Marvel Champions: The Card Game – Cyclops Hero Pack","1","4","90","90","45","2022","1,2,3","1,2","12+","","","","","","","expansion","","","","","","","","","","","","Fantasy Flight Games","English","2022","English edition"
"Marvel Champions: The Card Game – Doctor Strange Hero Pack","300878","0","0","0","1","0","0","0","0","0","0","0","1","BoardGame Bliss","","","","","68662899","6.80108","8.49656","2.8571","0","12377","thing","Marvel Champions: The Card Game – Doctor Strange Hero Pack","1","4","90","90","45","2020","1,2,3","1,2","12+","Extensive use of text - massive conversion needed to be playable","","","","","","expansion","","","","","","","","","","","","","","",""
"Marvel Champions: The Card Game – Drax Hero Pack","333748","0","0","0","1","0","0","0","0","0","0","0","1","BoardGameBliss","","","","","82563540","6.05353","7.94645","2.8333","0","7434","thing","Marvel Champions: The Card Game – Drax Hero Pack","1","4","90","90","45","2021","1,2,3","2","12+","Unplayable in another language","","","","","","expansion","","","","","","","","","","","","","","",""
"Marvel Champions: The Card Game – Gambit Hero Pack","372718","0","0","0","1","0","0","0","0","0","0","0","1","","","","","","104393506","5.95939","8.34356","2.5","0","5294","thing","Marvel Champions: The Card Game – Gambit Hero Pack","1","4","0","0","0","2023","1,2,3","1,2","12+","Extensive use of text - massive conversion needed to be playable","","","","","","expansion","","","","","","","","","","","","","","",""
"Marvel Champions: The Card Game – Gamora Hero Pack","333154","0","0","0","1","0","0","0","0","0","0","0","1","BoardgameBliss","","","","","82264525","6.21797","8.2266","2.75","0","7966","thing","Marvel Champions: The Card Game – Gamora Hero Pack","1","4","90","90","45","2021","1,2,3","1,2","12+","Unplayable in another language","","","","","","expansion","","","","","","","","","","","","","","",""
"Marvel Champions: The Card Game – Hulk Hero Pack","303708","0","0","0","1","0","0","0","0","0","0","0","1","BoardgameBliss","","","","","69432767","6.13398","7.28253","2.1538","0","10673","thing","Marvel Champions: The Card Game – Hulk Hero Pack","1","4","90","90","45","2020","1,2,3,4","2","12+","Extensive use of text - massive conversion needed to be playable","","","","","","expansion","","","","","","","","","","","","","","",""
"Marvel Champions: The Card Game – Ironheart Hero Pack","357957","0","0","0","1","0","0","0","0","0","0","0","1","BoardgameBliss","","","","","94196732","6.03501","8.41993","2.8","0","5672","thing","Marvel Champions: The Card Game – Ironheart Hero Pack","1","4","90","90","45","2022","1,2,3","1,2","12+","Unplayable in another language","","","","","","expansion","","","","","","","","","","","","","","",""
"Marvel Champions: The Card Game – Ms. Marvel Hero Pack","291432","0","0","0","1","0","0","0","0","0","0","0","3","Imaginaire","","","","","65334598","6.38472","7.88143","2.7143","0","11345","thing","Marvel Champions: The Card Game – Ms. Marvel Hero Pack","1","4","90","90","45","2019","1,2,3","1,2","12+","Extensive use of text - massive conversion needed to be playable","","","","","","expansion","","","","","","","","","","","","","","",""
"Marvel Champions: The Card Game – Mutant Genesis","363709","0","0","0","1","0","0","0","0","0","0","0","1","","","","","","94477973","6.27435","8.61209","3.1667","0","7312","thing","Marvel Champions: The Card Game – Mutant Genesis","1","4","90","90","45","2022","1,2,3","1,2","12+","","","","","","","expansion","","","","","","","","","","","","","","",""
"Marvel Champions: The Card Game – Nebula Hero Pack","340900","0","0","0","1","0","0","0","0","0","0","0","1","BoardGame Bandit","","","","","85588527","5.97147","7.88586","3","0","6707","thing","Marvel Champions: The Card Game – Nebula Hero Pack","1","4","90","90","45","2021","1,2,3,4","1,2","12+","Unplayable in another language","","","","","","expansion","","","","","","","","","","","","","","",""
"Marvel Champions: The Card Game – Nova Hero Pack","356075","0","0","0","1","0","0","0","0","0","0","0","1","BoardgameBliss","","","","","94196731","5.9219","8.08265","2.8333","0","5484","thing","Marvel Champions: The Card Game – Nova Hero Pack","1","4","90","90","45","2022","1,2,3,4","2","10+","Unplayable in another language","","","","","","expansion","","","","","","","","","","","","","","",""
"Marvel Champions: The Card Game – Phoenix Hero Pack","366645","0","0","0","1","0","0","0","0","0","0","0","1","","","","","","96720461","5.93813","8.16317","2.4","0","5441","thing","Marvel Champions: The Card Game – Phoenix Hero Pack","1","4","90","90","45","2022","1,2,3","1,2","10+","Extensive use of text - massive conversion needed to be playable","","","","","","expansion","","","","","","","","","","","","","","",""
"Marvel Champions: The Card Game – Quicksilver Hero Pack","316694","0","0","0","1","0","0","0","0","0","0","0","1","diceOwl","","","","","74278328","6.36501","8.34272","2.8333","0","9323","thing","Marvel Champions: The Card Game – Quicksilver Hero Pack","1","4","90","90","45","2021","1,2,3,4","1,2","12+","Extensive use of text - massive conversion needed to be playable","","","","","","expansion","","","","","","","","","","","","","","",""
"Marvel Champions: The Card Game – Rogue Hero Pack","374986","0","0","0","1","0","0","0","0","0","0","0","1","","","","","","104393508","5.86321","8.15369","3","0","5071","thing","Marvel Champions: The Card Game – Rogue Hero Pack","1","4","90","90","45","2023","1,2,3","2","","","","","","","","expansion","","","","","","","","","","","","","","",""
"Marvel Champions: The Card Game – Scarlet Witch Hero Pack","316695","0","0","0","1","0","0","0","0","0","0","0","1","BoardGameBliss","","","","","74278327","6.42412","8.33321","2.8889","0","10154","thing","Marvel Champions: The Card Game – Scarlet Witch Hero Pack","1","4","90","90","45","2021","1,2,3","1,2","12+","Extensive use of text - massive conversion needed to be playable","","","","","","expansion","","","","","","","","","","","","","","",""
"Marvel Champions: The Card Game – Sinister Motives","347813","0","0","0","1","0","0","0","0","0","0","0","1","","","","","","89584434","6.46454","8.66181","2.85","0","8953","thing","Marvel Champions: The Card Game – Sinister Motives","1","4","90","90","45","2022","1,2,3","1,2","12+","Extensive use of text - massive conversion needed to be playable","","","","","","expansion","","","","","","","","","","","","","","",""
"Marvel Champions: The Card Game – SP//dr Hero Pack","361485","0","0","0","1","0","0","0","0","0","0","0","1","","","","","","94196737","5.96349","8.29318","3.2","0","5417","thing","Marvel Champions: The Card Game – SP//dr Hero Pack","1","4","90","90","45","2022","1,2,3,4","1,2","12+","Extensive use of text - massive conversion needed to be playable","","","","","","expansion","","","","","","","","","","","","","","",""
"Marvel Champions: The Card Game – Spider-Ham Hero Pack","360060","0","0","0","1","0","0","0","0","0","0","0","1","","","","","","94196735","5.95496","8.15004","3","0","5542","thing","Marvel Champions: The Card Game – Spider-Ham Hero Pack","1","4","90","90","45","2022","1,2,3,4","1,2","12+","Extensive use of text - massive conversion needed to be playable","","","","","","expansion","","","","","","","","","","","","","","",""
"Marvel Champions: The Card Game – Star-Lord Hero Pack","330615","0","0","0","1","0","0","0","0","0","0","0","1","BoardgameBliss","","","","","80093523","6.12121","7.95766","3","0","8276","thing","Marvel Champions: The Card Game – Star-Lord Hero Pack","1","4","60","60","45","2021","1,2,3","2","12+","Unplayable in another language","","","","","","expansion","","","","","","","","","","","","","","",""
"Marvel Champions: The Card Game – Storm Hero Pack","370237","0","0","0","1","0","0","0","0","0","0","0","1","","","","","","97945631","5.98857","8.39181","3","0","5463","thing","Marvel Champions: The Card Game – Storm Hero Pack","1","4","90","90","45","2022","1,2,3","1,2","12+","","","","","","","expansion","","","","","","","","","","","","","","",""
"Marvel Champions: The Card Game – The Galaxy's Most Wanted","315896","0","0","0","1","0","0","0","0","0","0","0","1","BoardGameBliss","","","","","74278318","6.29679","7.76348","3.6923","0","10823","thing","Marvel Champions: The Card Game – The Galaxy's Most Wanted","1","4","90","90","45","2021","1,2,3","2","12+","Unplayable in another language","","","","","","expansion","","","","","","","","","","","","","","",""
"Marvel Champions: The Card Game – The Green Goblin Scenario Pack","288794","0","0","0","1","0","0","0","0","0","0","0","1","BoardGameBliss","","","","","64624809","6.71916","8.33744","2.8889","0","13294","thing","Marvel Champions: The Card Game – The Green Goblin Scenario Pack","1","4","90","90","45","2019","1,2,3,4","1,2","12+","Extensive use of text - massive conversion needed to be playable","","","","","","expansion","","","","","","","","","","","","","","",""
"Marvel Champions: The Card Game – The Hood Scenario Pack","343017","0","0","0","1","0","0","0","0","0","0","0","1","La Pioche","","","","","85588528","6.05935","8.14274","2.8","0","6620","thing","Marvel Champions: The Card Game – The Hood Scenario Pack","1","4","90","90","45","2021","1,2,3,4","1,2","12+","Unplayable in another language","","","","","","expansion","","","","","","","","","","","","Fantasy Flight Games","English","2021","English edition"
"Marvel Champions: The Card Game – The Mad Titan's Shadow","339711","0","0","0","1","0","0","0","0","0","0","0","3","BoardGame Bandit","","","","","82921281","6.46063","8.51212","3.1765","0","9941","thing","Marvel Champions: The Card Game – The Mad Titan's Shadow","1","4","90","90","45","2021","1,2,3","1,2","12+","Unplayable in another language","","","","","","expansion","","","","","","","","","","","","","","",""
"Marvel Champions: The Card Game – The Once and Future Kang Scenario Pack","314028","0","0","0","1","0","0","0","0","0","0","0","1","BoardGameBliss","","","","","74278320","6.37721","8.3212","3.4545","0","9969","thing","Marvel Champions: The Card Game – The Once and Future Kang Scenario Pack","1","4","90","90","45","2020","1,2,3,4","2","12+","Extensive use of text - massive conversion needed to be playable","","","","","","expansion","","","","","","","","","","","","","","",""
"Marvel Champions: The Card Game – The Rise of Red Skull","306430","0","0","0","1","0","0","0","0","0","0","0","1","","","","","","73880499","6.90188","8.38693","2.7742","0","14659","thing","Marvel Champions: The Card Game – The Rise of Red Skull","1","4","90","90","45","2020","1,2,3","1,2","12+","Extensive use of text - massive conversion needed to be playable","","","","","","expansion","","","","","","","","","","","","","","",""
"Marvel Champions: The Card Game – The Vision Hero Pack","347812","0","0","0","1","0","0","0","0","0","0","0","1","401Games","","","","","87464695","5.99727","7.98411","2.8","0","6462","thing","Marvel Champions: The Card Game – The Vision Hero Pack","1","4","90","90","45","2022","1,2,3","2","12+","Extensive use of text - massive conversion needed to be playable","","","","","","expansion","","","","","","","","","","","","","","",""
"Marvel Champions: The Card Game – The Wrecking Crew Scenario Pack","294306","0","0","0","1","0","0","0","0","0","0","0","3","BoardGameBliss","","","","","66030334","6.17122","7.52417","2.3","0","10044","thing","Marvel Champions: The Card Game – The Wrecking Crew Scenario Pack","1","4","90","90","45","2020","1,2,3","2","12+","Extensive use of text - massive conversion needed to be playable","","","","","","expansion","","","","","","","","","","","","","","",""
"Marvel Champions: The Card Game – Thor Hero Pack","295782","0","0","0","1","0","0","0","0","0","0","0","1","BoardGameBliss","","","","","66564778","6.34989","7.70188","3","0","11768","thing","Marvel Champions: The Card Game – Thor Hero Pack","1","4","90","90","45","2020","1,2,3","2","12+","Extensive use of text - massive conversion needed to be playable","","","","","","expansion","","","","","","","","","","","","","","",""
"Marvel Champions: The Card Game – Valkyrie Hero Pack","345587","0","0","0","1","0","0","0","0","0","0","0","1","401Games","","","","","85588533","5.819","7.33918","3","0","5822","thing","Marvel Champions: The Card Game – Valkyrie Hero Pack","1","4","90","90","45","2021","1,2,3","1,2","12+","Unplayable in another language","","","","","","expansion","","","","","","","","","","","","","","",""
"Marvel Champions: The Card Game – Venom Hero Pack","335739","0","0","0","1","0","0","0","0","0","0","0","1","BoardGameBliss","","","","","82563543","6.2511","8.24308","2.7143","0","8489","thing","Marvel Champions: The Card Game – Venom Hero Pack","1","4","90","90","45","2021","1,2,3","1,2","12+","Unplayable in another language","","","","","","expansion","","","","","","","","","","","","","","",""
"Marvel Champions: The Card Game – War Machine Hero Pack","342671","0","0","0","1","0","0","0","0","0","0","0","1","BoardGame Bandit","","","","","85588530","6.03168","8.06858","2.6","0","6246","thing","Marvel Champions: The Card Game – War Machine Hero Pack","1","4","90","90","45","2021","1,2,3,4","1,2","12+","Unplayable in another language","","","","","","expansion","","","","","","","","","","","","","","",""
"Marvel Champions: The Card Game – Wasp Hero Pack","316696","0","0","0","1","0","0","0","0","0","0","0","1","GreatBoardgame","","","","","74278330","6.13517","7.85326","3","0","8773","thing","Marvel Champions: The Card Game – Wasp Hero Pack","1","4","90","90","45","2021","1,2,3,4","1,2","12+","Extensive use of text - massive conversion needed to be playable","","","","","","expansion","","","","","","","","","","","","","","",""
"Marvel Champions: The Card Game – Wolverine Hero Pack","369039","0","0","0","1","0","0","0","0","0","0","0","1","","","","","","97945630","6.19528","8.59802","2","0","6559","thing","Marvel Champions: The Card Game – Wolverine Hero Pack","1","4","90","90","45","2022","1,2,3","1,2","12+","Extensive use of text - massive conversion needed to be playable","","","","","","expansion","","","","","","","","","","","","","","",""
"Marvel Dice Throne: Scarlet Witch v. Thor v. Loki v. Spider-Man","360153","0","0","0","1","0","0","0","0","0","0","0","3","","","","","","121011008","6.3951","7.65335","2.4615","1601","6657","thing","Marvel Dice Throne: Scarlet Witch v. Thor v. Loki v. Spider-Man","2","4","40","40","20","2024","2,3,4","2","10+","","","","","","","standalone","","","","","","","","","","","","Lucky Duck Games","French","2024","French edition"
"Marvel United: Les Gardiens de la Galaxie Remix","302670","0","0","0","1","0","0","0","0","0","0","0","3","","","","","","119286672","5.99579","7.99109","2.0667","0","4553","thing","Marvel United: Guardians of the Galaxy Remix","1","4","45","45","30","2023","1,2,3,4","3","8+","Moderate in-game text - needs crib sheet or paste ups","","","","","","expansion","","","","","","","","","","","","CMON Global Limited; Spin Master Ltd.","French","2023","French edition"
"Marvel United: Spider-Geddon","379908","0","0","0","1","0","0","0","0","0","0","0","3","","","","","","119286665","6.1268","8.14946","1.8235","2540","4247","thing","Marvel United: Spider-Geddon","1","5","40","40","40","2023","1,2,3,4,5","3","8+","Moderate in-game text - needs crib sheet or paste ups","","","","","","standalone","","","","","","","","","","","","","","",""
"Mascarade: The Damned","146565","0","0","0","1","0","0","0","0","0","0","0","3","","","","","","41866471","5.56156","6.54521","1.5","0","1062","thing","Mascarade: The Damned","2","13","30","30","30","2013","4,5,6,7,8","5","12+","No necessary in-game text","","","","","","expansion","","","","","","","","","","","","","","",""
"MATCH 5","306169","8","0","0","1","0","0","0","0","0","0","0","3","","","","","","86542100","5.59007","6.187","1.2","9967","997","thing","MATCH 5","2","8","20","20","20","2021","3,4,5,6,7,8","4,5,6","10+","","","","","","","standalone","","","","","","","","","","A2","","Synapses Games","French","2021","French edition"
"Meadow","314491","8","15","0","1","0","0","0","0","0","0","0","3","","","","","","86084292","7.33624","7.70072","2.2524","217","25884","thing","Meadow","1","4","90","90","60","2021","1,2,3,4","2","10+","No necessary in-game text","","","","","","standalone","","","","","","","","","","E4","2024-09-12","Rebel Studio","English; French","2021","English/French edition"
"Meadow: Au fil de l'eau","355957","0","0","0","1","0","0","0","0","0","0","0","3","","","","","","101878629","6.55198","8.20436","2.4857","0","7445","thing","Meadow: Downstream","1","4","90","90","60","2022","1,2,3","2","10+","No necessary in-game text","","","","","","expansion","","","","","","","","","","","","Rebel Studio","French","2022","French edition"
"Meadow: Seal Promo Card","360057","0","0","0","1","0","0","0","0","0","0","0","3","","","","","","102025596","5.59608","8.26889","2","0","866","thing","Meadow: Seal Promo Card","0","0","0","0","0","2022","","","10+","","","","","","","expansion","","","","","","","","","","","","Rebel Studio","English","2022","English edition"
"Men-Nefer","404431","0","0","0","1","0","0","0","0","0","0","0","3","","","","","","121957365","6.96764","8.16277","3.6776","537","5705","thing","Men-Nefer","1","4","120","120","60","2024","1,2,3,4","3","14+","No necessary in-game text","","","","","","standalone","","","","","","","","","","","","Ludonova","English; Spanish","2024","English/Spanish edition"
"Merkator","39684","0","0","0","1","0","0","0","0","0","0","0","3","","","","","","39238185","6.32555","7.01758","2.9572","1792","3483","thing","Merkator","1","4","90","90","45","2010","1,2,3,4","2","10+","Moderate in-game text - needs crib sheet or paste ups","","","","","","standalone","","","","","","","","","","B3","2021-07-11","Lookout Games","English","2010","English edition"
"Merlin","230933","0","0","0","1","0","0","0","0","0","0","0","3","","","","","","43770641","6.5112","7.14472","3.1","1302","5518","thing","Merlin","2","4","75","75","75","2017","2,3,4","3","12+","No necessary in-game text","","","","","","standalone","","","","","","","","","","A7","","","","",""
"Merlin: Arthur Expansion","261247","0","0","0","1","0","0","0","0","0","0","0","3","BoardGameBliss","","","","","82882488","5.83838","7.88697","3.2857","0","1742","thing","Merlin: Arthur Expansion","2","4","75","75","75","2018","2,3,4","3","14+","No necessary in-game text","","","","","","expansion","","","","","","","","","","","","Queen Games","English; French; German","2018","English/French/German edition"
"Merlin: Morgana Expansion","303014","0","0","0","1","0","0","0","0","0","0","0","3","","","","","","121010993","5.5541","7.41397","3.5","0","628","thing","Merlin: Morgana Expansion","2","4","120","120","75","2021","","","","","","","","","","expansion","","","","","","","","","","","","Queen Games","English; German","2021","English/German edition"
"Merv: The Heart of the Silk Road","306040","0","0","0","1","0","0","0","0","0","0","0","3","BoardGameBliss","","","","","71519757","6.78521","7.47185","3.4355","776","8630","thing","Merv: The Heart of the Silk Road","1","4","90","90","90","2020","2,3,4","4","14+","No necessary in-game text","","","","","","standalone","","","","","","","","","","A7","2021-07-11","","","",""
"Mille Fiori","346501","7.5","4","0","1","0","0","0","0","0","0","0","3","Philibert","","","","","92506799","6.84852","7.41808","2.1722","693","9881","thing","Mille Fiori","2","4","90","90","60","2022","3,4","4","8+","No necessary in-game text","","","","","","standalone","","","","","","","","","","","","Schmidt Spiele","French","2022","French edition"
"Mille Fiori: The Masterpieces","377715","0","0","0","1","0","0","0","0","0","0","0","3","","","","","","101889723","5.81506","7.7655","2.7692","0","2109","thing","Mille Fiori: The Masterpieces","2","4","90","90","60","2023","2,3,4","4","8+","No necessary in-game text","","","","","","expansion","","","","","","","","","","","","Schmidt Spiele","English; French","2023","English/French edition"
"Millennia: Tracks of Time","356883","0","0","0","1","0","0","0","0","0","0","0","3","","","","","","132007993","5.88241","7.60983","3.375","4026","1488","thing","Millennia: Tracks of Time","1","4","120","120","30","2025","1,2,3,4","2","12+","No necessary in-game text","","","","","","standalone","","","","","","","","","","","","Karma Games","English","2025","English edition"
"The Mind","244992","0","7","0","1","0","0","0","0","0","0","0","1","","","","","","51220738","6.59145","6.71415","1.0742","1121","69932","thing","The Mind","2","4","20","20","20","2018","2,3,4","4","8+","No necessary in-game text","","","","","","standalone","","","","","","","","","","P1","2021-07-11","","","",""
"Mini Express","300751","7.8","0","0","1","0","0","0","0","0","0","0","3","Kickstarter","","","","","71123800","6.14363","7.26145","2.3208","2458","2681","thing","Mini Express","1","5","45","45","30","2021","1,2,3,4,5","3,4","10+","No necessary in-game text","","","","","","standalone","","","","","","","","","","A3","","Moaideas Game Design","English; German","2021","English edition MGD1025E"
"Mini Express: Expansion Map Pack 1 & Map Pack 2","406874","8","0","0","1","0","0","0","0","0","0","0","3","","","","","","114050397","5.53591","7.9575","3","0","530","thing","Mini Express: Expansion Map Pack 1 & Map Pack 2","1","3","60","60","45","2023","2,3","3","","","","","","","","expansion","","","","","","","","","","A3","","Moaideas Game Design","English","2023","English edition"
"Minos: Dawn of Faith","436060","8","0","0","1","0","0","0","0","0","0","0","3","","","","","","131550191","5.54704","7.8866","0","0","551","thing","Minos: Dawn of Faith","1","4","150","150","90","2025","","","","","","","","","","expansion","","","","","","","","","","","","Board&Dice","English","2025","English edition"
"Minos: Dawn of the Bronze Age","423401","8.2","5","0","1","0","0","0","0","0","0","0","3","BGBliss","","","","","121764034","6.29777","7.54039","3.7073","1881","3244","thing","Minos: Dawn of the Bronze Age","1","4","150","150","90","2024","1,2,3","2","12+","No necessary in-game text","","","","","","standalone","","","","","","","","","","","","Board&Dice","English","2024","English edition"
"Minos: Dawn of the Bronze Age – Expanded Progress Tracks Promo","453097","0","0","0","1","0","0","0","0","0","0","0","3","","","","","","135954665","0","7.57143","0","0","105","thing","Minos: Dawn of the Bronze Age – Expanded Progress Tracks Promo","1","4","0","0","0","2025","","","","","","","","","","expansion","","","","","","","","","","","","Board&Dice","English","2025","English edition"
"Minos: Dawn of the Bronze Age – New Building Powers Promo","430035","0","0","0","1","0","0","0","0","0","0","0","3","","","","","","135954669","5.529","7.47028","3","0","526","thing","Minos: Dawn of the Bronze Age – New Building Powers Promo","1","4","0","0","0","2024","1,2,3","2","","","","","","","","expansion","","","","","","","","","","","","Board&Dice","English","2024","English edition"
"Minos: Dawn of the Bronze Age – New Decree Cards promo","430163","0","0","0","1","0","0","0","0","0","0","0","3","","","","","","135954668","0","7.51792","4","0","406","thing","Minos: Dawn of the Bronze Age – New Decree Cards promo","1","4","150","150","90","2024","1,2,3","2","","","","","","","","expansion","","","","","","","","","","","","Board&Dice","English","2024","English edition"
"Minos: Dawn of the Bronze Age – New Vase Tiles Promo","453098","0","0","0","1","0","0","0","0","0","0","0","3","","","","","","135954663","0","7.83333","0","0","124","thing","Minos: Dawn of the Bronze Age – New Vase Tiles Promo","1","4","0","0","0","2025","","","","","","","","","","expansion","","","","","","","","","","","","Board&Dice","English","2025","English edition"
"Mission Pas Possible","171273","0","1","0","1","0","0","0","0","0","0","0","3","","","","","","50601970","6.66054","6.98148","1.6628","990","13958","thing","FUSE","1","5","10","10","10","2015","1,2,3,4,5","4","8+","No necessary in-game text","","","","","","standalone","","","","","","","","","","P1","2021-07-11","","","",""
"Mistwind","366251","8","0","0","1","0","0","0","0","0","0","0","3","","","","","","122354623","6.10077","7.66222","3.1346","2652","1953","thing","Mistwind","1","5","120","120","75","2024","2,3,4","3","14+","No necessary in-game text","","","","","","standalone","","","","","","","","","","","","First Fish Games","English","2024","English edition"
"Miyabi","285533","0","0","0","1","0","0","0","0","0","0","0","3","","","","","","71583139","6.36282","7.43349","2.0357","1680","3335","thing","Miyabi","2","4","45","45","45","2019","2,3,4","2,3","8+","No necessary in-game text","","","","","","standalone","","","","","","","","","","C","","HABA","Dutch; French","2019","Dutch/French edition (Dutch packaging)"
"MLEM: Space Agency","387378","7","4","0","1","0","0","0","0","0","0","0","3","","","","","","113517397","6.66389","7.15183","1.7453","982","10840","thing","MLEM: Space Agency","2","5","60","60","30","2024","3,4,5","4,5","8+","No necessary in-game text","","","","","","standalone","","","","","","","","","","","","Rebel Studio","English; French","2024","English/French edition"
"Mojo","395846","0","0","0","1","0","0","0","0","0","0","0","3","Gamefound","","","","","120325788","5.58608","5.94652","1.4167","10208","783","thing","Mojo","3","8","30","30","30","2024","2,3,4,5","2","8+","No necessary in-game text","","","","","","standalone","","","","","","","","","","","","25th Century Games","English","2024","English edition"
"Mombasa","172386","8.5","0","0","1","0","0","0","0","0","0","0","1","","","","","","38705323","7.47563","7.83701","3.8873","144","15318","thing","Mombasa","2","4","150","150","75","2015","2,3,4","4","14+","No necessary in-game text","","","","","","standalone","","","","","","","","","","B4","2024-09-09","","","",""
"Movers & Shakers","452211","0","1","0","1","0","0","0","0","0","1","0","3","Gamefound","","","","","138357933","5.69277","7.23344","3.0435","6474","61","thing","Movers & Shakers","1","4","120","120","60","2026","1,2,3,4","4","12+","No necessary in-game text","","","","","","standalone","","","","","","","","","","","","Quined Games","English","2026","English edition"
"Movers & Shakers: Promo Cards","457762","0","0","0","1","0","0","0","0","0","1","0","3","Gamefound","","","","","138357938","0","6.93333","0","0","12","thing","Movers & Shakers: Promo Cards","1","4","120","120","60","2026","","","","","","","","","","expansion","","","","","","","","","","","","Quined Games","Chinese; Dutch; English; French; German; Italian; Japanese; Portuguese","2026","First printing"
"Mur d'Hadrien","304783","8.5","2","0","1","0","0","0","0","0","0","0","3","EspaceJeux Nov14","","","","","87576895","7.4082","7.87204","3.1711","170","17705","thing","Hadrian's Wall","1","6","60","60","30","2021","1,2,3","1","12+","Some necessary text - easily memorized or small crib sheet","","","","","","standalone","","","","","","","","","","","","Garphill Games","French","2021","French first edition"
"My Little Scythe","226320","0","10","0","1","0","0","0","0","0","0","0","3","","","","","","51405583","6.70187","7.19638","2.0299","919","14029","thing","My Little Scythe","1","6","60","60","45","2018","1,2,3,4,5,6","4","6+","Moderate in-game text - needs crib sheet or paste ups","","","","","","standalone","","","","","","","","","","Enfants","","","","",""
"Myrmes: Colony Tiles","149950","0","0","0","1","0","0","0","0","0","0","0","1","","","","","","28018858","5.59153","7.30008","3.5556","0","687","thing","Myrmes: Colony Tiles","2","4","90","90","90","2013","4","3,4","12+","No necessary in-game text","","","","","","expansion","","","","","","","","","","","","","","",""
"Mytikas","382676","7","1","0","1","0","0","0","0","0","0","0","3","","","","","","132892215","5.58859","7.36203","2.3333","10039","382","thing","Mytikas","2","4","60","60","30","2023","2,3,4","3","12+","No necessary in-game text","","","","","","standalone","","","","","","","","","","","","Funnyfox","French","2023","French edition"
"Natera: New Beginning","379761","0","0","0","1","0","0","0","0","0","0","0","3","","","","","","132008682","5.89734","7.94845","3.1143","3898","844","thing","Natera: New Beginning","1","4","120","120","60","2025","2,3,4","3","12+","","","","","","","standalone","","","","","","","","","","","","Horizon Games","French","2025","French edition"
"Near and Far / Above and Below / Islebound: Secret Cabal Character Tiles","244304","0","0","0","1","0","0","0","0","0","0","0","3","","","","","","78265280","5.52682","7.30769","0","0","295","thing","Near and Far / Above and Below / Islebound: Secret Cabal Character Tiles","2","4","120","120","60","2017","","","","","","","","","","expansion","","","","","","","","","","","","Red Raven Games","English","2017","English edition"
"Near And Far: Rodney & Pep Watch It Played Character Tiles","234361","0","0","0","1","0","0","0","0","0","0","0","3","","","","","","78265295","5.52544","7.27105","0","0","303","thing","Near And Far: Rodney & Pep Watch It Played Character Tiles","0","0","0","0","0","2017","","","","","","","","","","expansion","","","","","","","","","","","","Red Raven Games","(neutral)","2017","First edition"
"Nekojima","359029","7.2","6","0","1","0","0","0","0","0","0","0","3","","","","","","112732714","6.25913","7.13713","1.1","2012","4687","thing","Nekojima","1","5","30","30","15","2023","2,3,4,5","2","6+","No necessary in-game text","","","","","","standalone","","","","","","","","","","","","","","",""
"Neptun","164237","0","1","0","1","0","0","0","0","0","0","0","3","","","","","","131802792","5.66888","6.55369","2.5667","7025","1229","thing","Neptun","3","5","45","45","45","2014","3,4,5","4","8+","No necessary in-game text","","","","","","standalone","","","","","","","","","","","","Queen Games","Dutch; English; French; German; Spanish","2014","Multilingual first edition"
"New Frontiers","255692","0","0","0","1","0","0","0","0","0","0","0","3","","","","","","94009400","6.71097","7.38348","2.9615","898","5888","thing","New Frontiers","2","5","75","75","45","2019","2,3,4,5","4","10+","Moderate in-game text - needs crib sheet or paste ups","","","","","","standalone","","","","","","","","","","","","Gigamic; Rio Grande Games","French","2019","French edition"
"New York Zoo","300877","7","0","0","1","0","0","0","0","0","0","0","3","","","","","","131497334","6.68965","7.00076","1.9673","936","18627","thing","New York Zoo","1","5","60","60","30","2020","1,2,3,4","3","8+","No necessary in-game text","","","","","","standalone","","","","","","","","","","","","Super Meeple","French","2020","French edition"
"Newton","244711","8","2","0","1","0","0","0","0","0","0","0","1","","","","","","52993126","7.02696","7.49631","3.3693","472","10522","thing","Newton","1","4","90","90","90","2018","1,2,3,4","3","12+","No necessary in-game text","","","","","","standalone","","","","","","","","","","A3","2024-09-17","","","",""
"Newton: Great Discoveries Expansion","286287","0","0","0","1","0","0","0","0","0","0","0","3","","","","","","96890024","5.79162","7.74715","3","0","1808","thing","Newton: Great Discoveries Expansion","1","4","90","0","90","2019","1,2,3,4","2","","No necessary in-game text","","","","","","expansion","","","","","","","","","","","","Cranio Creations","English","2019","English edition"
"Newton: New Horizon","363526","0","0","0","1","0","0","0","0","0","0","0","3","","","","","","96890014","5.61019","7.72094","2.5","0","1328","thing","Newton: New Horizon","1","4","90","90","90","2023","1,2,3,4","2","","","","","","","","expansion","","","","","","","","","","","","Cranio Creations","English; Italian","2023","English/Italian edition"
"Newton: Robert Hooke Promo Card","265290","0","0","0","1","0","0","0","0","0","0","0","3","","","","","","96890029","5.59262","7.28604","2","0","1040","thing","Newton: Robert Hooke Promo Card","1","4","90","90","90","2018","1,2,3,4","2,3","","","","","","","","expansion","","","","","","","","","","","","Cranio Creations","English","2018","English edition"
"Newton: Stephen Hawking Promo Card","265291","0","0","0","1","0","0","0","0","0","0","0","3","","","","","","96890031","5.59796","7.29989","2","0","1114","thing","Newton: Stephen Hawking Promo Card","1","4","90","90","90","2018","1,2,3,4","2,3","","","","","","","","expansion","","","","","","","","","","","","Cranio Creations","English","2018","English edition"
"Newton: Sun Set Promo","363525","0","0","0","1","0","0","0","0","0","0","0","3","","","","","","96890019","5.55842","7.53257","1","0","915","thing","Newton: Sun Set Promo","1","4","90","90","90","2022","","","","","","","","","","expansion","","","","","","","","","","","","Cranio Creations","English","2022","English edition"
"Next Station: London","353545","7","4","0","1","0","0","0","0","0","0","0","3","","","","","","100541903","6.93613","7.41316","1.4857","581","13450","thing","Next Station: London","1","4","30","30","25","2022","1,2,3,4","2,4","8+","No necessary in-game text","","","","","","standalone","","","","","","","","","","","","Blue Orange Games","English; French","2022","English/French edition"
"Next Station: Tokyo","380165","0","0","0","1","0","0","0","0","0","0","0","3","La Pioche","","","","","115429910","6.35888","7.16079","1.8305","1691","4815","thing","Next Station: Tokyo","1","4","30","30","25","2023","1,2,3,4","2","8+","No necessary in-game text","","","","","","standalone","","","","","","","","","","","","Blue Orange (EU)","Dutch; English; French; German; Italian; Spanish","2023","Multilingual edition"
"Nidavellir","293014","8","13","0","1","0","0","0","0","0","0","0","3","EspaceJeux","","","","","76234353","7.26619","7.55163","2.1159","259","20966","thing","Nidavellir","2","5","45","45","45","2020","2,3,4,5","3","10+","No necessary in-game text","","","","","","standalone","","","","","","","","","","A1","2024-09-12","GRRRE Games","English; French","2020","English/French edition"
"Nidavellir: Thingvellir","326984","9","0","0","1","0","0","0","0","0","0","0","3","","","","","","78440932","6.29953","7.7237","2.4815","0","6194","thing","Nidavellir: Thingvellir","2","5","45","45","45","2020","2,3,4,5","3","10+","No necessary in-game text","","","","","","expansion","","","","","","","","","","","","GRRRE Games","French","2020","French edition"
"Nippon: Zaibatsu","434367","9","0","0","1","0","0","0","0","0","0","0","3","Kickstarter","","","","","134751099","6.87886","8.53488","3.6078","642","4718","thing","Nippon: Zaibatsu","1","4","120","120","60","2026","1,2,3,4","4","14+","No necessary in-game text","","","","","","standalone","","","","","","","","","","","","CrowD Games","English","2026","English Emperor's edition"
"Notre Dame","25554","8","4","0","1","0","0","0","0","0","0","0","3","","","","","","18539871","7.02997","7.30822","2.74","467","14254","thing","Notre Dame","2","5","75","75","45","2007","2,3,4,5","3,4","10+","No necessary in-game text","","","","","","standalone","","","","","","","","","","B3","2024-09-17","","","",""
"Nova Roma","370789","7.5","0","0","1","0","0","0","0","0","0","0","3","Kickstarter","","","","","108652414","6.27449","7.65517","3.2353","1967","2490","thing","Nova Roma","1","4","120","120","60","2024","1,2,3,4","3","12+","No necessary in-game text","","","","","","standalone","","","","","","","","","","","","25th Century Games; Half-a-Kingdom Games","English","2024","English edition"
"Obsession","231733","8","5","0","1","0","0","0","0","0","0","0","1","La Pioche","","","","","64068432","7.72004","8.07758","3.1146","66","25826","thing","Obsession","1","4","90","90","30","2023","1,2,3,4","2","12+","Moderate in-game text - needs crib sheet or paste ups","","","","","","standalone","","","","","","","","","","20X5","2024-09-09","Super Meeple","French","2023","French edition"
"Obsession: Extension Wessex","245392","0","0","0","1","0","0","0","0","0","0","0","2","","","","","","64068466","6.71064","8.32783","3.2","0","10725","thing","Obsession: Wessex Expansion","1","4","90","90","30","2023","1,2,3","2","12+","Some necessary text - easily memorized or small crib sheet","","","","","","expansion","","","","","","","","","","","","Kayenta Games; Super Meeple","French","2023","French edition"
"Obsession: Upstairs, Downstairs","279067","0","0","0","1","0","0","0","0","0","0","0","2","","","","","","64068436","6.95183","8.58661","3.551","0","11680","thing","Obsession: Upstairs, Downstairs","1","6","90","90","30","2023","1,2,3,4","2","12+","Some necessary text - easily memorized or small crib sheet","","","","","","expansion","","","","","","","","","","","","Kayenta Games; Super Meeple","French","2023","French edition"
"Oh My Goods!","183840","0","1","0","1","0","0","0","0","0","0","0","1","","","","","","51669951","6.74097","6.98988","2.2991","848","25717","thing","Oh My Goods!","2","4","30","30","30","2015","2,3,4","2","10+","No necessary in-game text","","","","","","standalone","","","","","","","","","","P1","2021-07-11","","","",""
"Old London Bridge","354273","0","0","0","1","0","0","0","0","0","0","0","3","","","","","","130565543","5.88052","7.138","1.9375","4036","1176","thing","Old London Bridge","2","4","45","45","45","2022","2,3,4","4","8+","No necessary in-game text","","","","","","standalone","","","","","","","","","","","","Queen Games","Dutch; English; French; German","2022","Multilingual edition"
"On the Underground: Engineering Crew","355874","0","0","0","1","0","0","0","0","0","0","0","3","","","","","","117302068","0","7.07143","2","0","325","thing","On the Underground: Engineering Crew","2","5","0","0","0","2022","","","","","","","","","","expansion","","","","","","","","","","","","LudiCreations","English","2022","English edition"
"On the Underground: London / Berlin","281152","8","0","0","1","0","0","0","0","0","0","0","1","Kickstarter","","","","","61908023","6.1593","7.20429","2.3158","2385","2612","thing","On the Underground: London / Berlin","2","5","60","60","45","2019","1,2,3,4","3","10+","No necessary in-game text","","","","","","standalone","","","","","","","","","","Sac BGT","","","","",""
"On The Underground: Obstruction","394965","0","0","0","1","0","0","0","0","0","0","0","3","","","","","","117302065","0","7.5","2","0","256","thing","On The Underground: Obstruction","1","5","0","0","0","2023","","","","","","","","","","expansion","","","","","","","","","","","","LudiCreations","English","2023","English Edition"
"On the Underground: Paris / New York","322076","7","0","0","1","0","0","0","0","0","0","0","3","Kickstarter","","","","","105280623","5.67621","7.46545","2.5","6859","832","thing","On the Underground: Paris / New York","2","5","60","60","45","2024","1,2,3,4","3","10+","No necessary in-game text","","","","","","standalone","","","","","","","","","","","","LudiCreations","English","2024","English edition"
"On the Underground: Street Fair","326892","0","0","0","1","0","0","0","0","0","0","0","3","","","","","","117302072","0","7.6","2","0","364","thing","On the Underground: Street Fair","1","5","60","60","45","2020","2,3,4","3","12+","No necessary in-game text","","","","","","expansion","","","","","","","","","","","","LudiCreations","English","2020","English edition"
"On the Underground: The Underground Challenge – London / Berlin","284359","0","0","0","1","0","0","0","0","0","0","0","3","","","","","","117302178","5.56035","8.08963","3","0","466","thing","On the Underground: The Underground Challenge – London / Berlin","1","1","45","45","30","2019","1","1","12+","","","","","","","expansion","","","","","","","","","","","","LudiCreations","English","2019","English edition"
"On the Underground: The Underground Challenge – Paris / New York","394967","0","0","0","1","0","0","0","0","0","0","0","3","","","","","","117302060","0","7.64286","3","0","145","thing","On the Underground: The Underground Challenge – Paris / New York","1","1","45","45","45","2023","","","","","","","","","","expansion","","","","","","","","","","","","LudiCreations","English","2023","English edition"
"On Tour","251412","0","2","0","1","0","0","0","0","0","0","0","3","Kickstarter","","","","","51651516","6.42257","6.81258","1.3964","1523","9204","thing","On Tour","1","8","20","20","20","2019","1,2,3,4,5,6,7,8","2,4","8+","No necessary in-game text","","","","","","standalone","","","","","","","","","","C4","","","","",""
"On Tour: Paris and New York","360706","0","0","0","1","0","0","0","0","0","0","0","3","Kickstater","","","","","96004981","5.69546","6.93428","1.8889","6406","1393","thing","On Tour: Paris and New York","1","8","30","30","20","2022","1,2,3,4,5,6,7,8","3,4","10+","No necessary in-game text","","","","","","standalone","","","","","","","","","","","","BoardGameTables.com","English","2022","English edition"
"The Oracle of Delphi","193558","7.5","3","0","1","0","0","0","0","0","0","0","1","","","","","","44529958","6.75266","7.29632","3.0333","826","7203","thing","The Oracle of Delphi","2","4","100","100","70","2016","2,3,4","3,4","12+","No necessary in-game text","","","","","","standalone","","","","","","","","","","B2","2022-02-13","","","",""
"The Oracle of Delphi: The Pillars of Delphi Variant","211792","0","0","0","1","0","0","0","0","0","0","0","3","","","","","","44858782","5.55216","6.99667","0","0","403","thing","The Oracle of Delphi: The Pillars of Delphi Variant","2","4","100","100","70","2016","","","","No necessary in-game text","","","","","","expansion","","","","","","","","","","","","","","",""
"D'Orge et de Blé","369880","0","0","0","1","0","0","0","0","0","0","0","3","","","","","","118662761","6.82021","7.3026","2.3507","733","14425","thing","Beer & Bread","2","2","45","45","30","2023","2","2","10+","Moderate in-game text - needs crib sheet or paste ups","","","","","","standalone","","","","","","","","","","","","Gigamic","French","2023","French edition"
"Orléans","164928","9","4","0","1","0","0","0","0","0","0","0","1","","","","","","37277258","7.85905","8.04682","3.0124","35","43258","thing","Orléans","2","5","90","90","90","2014","2,3,4","4","12+","No necessary in-game text","","","","","","standalone","","","","","","","","","","A5","2024-09-09","","","",""
"Orléans: Fan-Kit","190049","0","0","0","1","0","0","0","0","0","0","0","1","","","","","","39805569","5.87204","8.1709","3","0","1689","thing","Orléans: Fan-Kit","2","5","0","0","0","2014","2,3,4,5","5","12+","No necessary in-game text","","","","","","expansion","","","","","","","","","","","","","","",""
"Orléans: Invasion","183682","0","0","0","1","0","0","0","0","0","0","0","3","","","","","","37338883","7.18027","8.24079","3.3647","0","13777","thing","Orléans: Invasion","1","5","120","120","90","2016","1,2,3,4,5","3,4","12+","Some necessary text - easily memorized or small crib sheet","","","","","","expansion","","","","","","","","","","A5","2021-07-11","Matagot","French","2016","French edition"
"Orléans: Neue Ortskarten N°1","179417","0","0","0","1","0","0","0","0","0","0","0","1","","","","","","38930324","5.86685","7.60553","3.2222","0","3419","thing","Orléans: Neue Ortskarten N°1","2","5","90","0","90","2015","2,3,4,5","4","12+","No necessary in-game text","","","","","","expansion","","","","","","","","","","","","","","",""
"Orléans: Neue Ortskarten N°2","184018","0","0","0","1","0","0","0","0","0","0","0","1","","","","","","38930326","5.83894","7.58971","3.2222","0","3262","thing","Orléans: Neue Ortskarten N°2","2","5","0","0","0","2015","2,3,4","4","12+","No necessary in-game text","","","","","","expansion","","","","","","","","","","","","","","",""
"Orléans: Neue Ortskarten N°3","185922","0","0","0","1","0","0","0","0","0","0","0","1","","","","","","38930377","5.84759","7.63548","3","0","3278","thing","Orléans: Neue Ortskarten N°3","2","5","0","0","0","2015","2,3,4","4","12+","No necessary in-game text","","","","","","expansion","","","","","","","","","","","","","","",""
"Orléans: Neue Ortskarten N°4","211082","0","0","0","1","0","0","0","0","0","0","0","1","","","","","","38930381","5.83266","7.73893","3.1667","0","3083","thing","Orléans: Neue Ortskarten N°4","2","5","90","90","90","2016","2,3,4","2,3","12+","No necessary in-game text","","","","","","expansion","","","","","","","","","","","","","","",""
"Orléans: Neue Ortskarten N°5","237163","0","0","0","1","0","0","0","0","0","0","0","1","","","","","","47840976","5.76622","7.74375","3","0","2510","thing","Orléans: Neue Ortskarten N°5","2","5","90","90","90","2017","2,3,4","4","12+","","","","","","","expansion","","","","","","","","","","","","","","",""
"Orléans: Prairie","210145","0","0","0","1","0","0","0","0","0","0","0","1","","","","","","38930380","5.59101","7.17869","3","0","969","thing","Orléans: Prairie","2","4","0","0","0","2016","","","","","","","","","","expansion","","","","","","","","","","","","","","",""
"Orléans: Promo Ortskarten N°1","237167","0","0","0","1","0","0","0","0","0","0","0","1","","","","","","84255193","5.70828","7.71737","3","0","2035","thing","Orléans: Promo Ortskarten N°1","2","4","90","90","90","2017","","","","","","","","","","expansion","","","","","","","","","","","","","","",""
"Orléans: Trade & Intrigue","204814","0","0","0","1","0","0","0","0","0","0","0","1","","","","","","45154077","7.27985","8.38467","3.2097","0","14322","thing","Orléans: Trade & Intrigue","2","5","90","90","90","2016","2,3,4","3,4","12+","No necessary in-game text","","","","","","expansion","","","","","","","","","","","","","","",""
"Ostia","347767","9","0","0","1","0","0","0","0","0","0","0","3","Kickstarter","","","","","104640750","6.42297","7.9541","2.9242","1521","2596","thing","Ostia","1","4","120","120","100","2022","1,2,3,4","3","12+","No necessary in-game text","","","","","","standalone","","","","","","","","","","","","uchibacoya","English; Japanese","2022","English/Japanese edition"
"Ostia: Merchant Expansion","377814","0","0","0","1","0","0","0","0","0","0","0","3","","","","","","128053472","5.59831","8.16001","3","0","1187","thing","Ostia: Merchant Expansion","0","0","0","0","0","2022","","","","","","","","","","expansion","","","","","","","","","","","","uchibacoya","English; Japanese","2022","English/Japanese edition"
"Ostia: Patronus Expansion","377813","0","0","0","1","0","0","0","0","0","0","0","3","","","","","","128053476","5.58884","8.17174","3","0","1180","thing","Ostia: Patronus Expansion","0","0","0","0","0","2022","","","14+","","","","","","","expansion","","","","","","","","","","","","uchibacoya","English; Japanese","2022","English/Japanese edition"
"Ostia: Pirates","408895","0","0","0","1","0","0","0","0","0","0","0","3","Kickstarter","","","","","116995376","5.61916","7.91033","3.4286","0","1277","thing","Ostia: Pirates","1","4","0","0","0","2024","1,2,3,4","1,3","14+","","","","","","","expansion","","","","","","","","","","","","uchibacoya","English; Japanese","2024","English/Japanese edition"
"Ostia: Pirates Expansion – New Supporters Expansion","436421","0","0","0","1","0","0","0","0","0","0","0","3","","","","","","128053460","0","7.56957","0","0","480","thing","Ostia: Pirates Expansion – New Supporters Expansion","1","4","0","0","0","2025","","","","","","","","","","expansion","","","","","","","","","","","","uchibacoya","English; Japanese","2025","English/Japanese edition"
"The Palaces of Carrara (Second Edition)","348070","8","0","0","1","0","0","0","0","0","0","0","1","Gamefound","","","","","88265832","5.9836","7.40444","2.6923","3285","2257","thing","The Palaces of Carrara (Second Edition)","2","4","90","90","60","2022","2,3,4","3","12+","No necessary in-game text","","","","","","standalone","","","","","","","","","","","","Game Brewer","English","2022","English edition"
"Paladins of the West Kingdom","266810","8.5","10","0","1","0","0","0","0","0","0","0","1","BoardGameBliss","","","","","57222766","7.65935","7.95493","3.711","81","33256","thing","Paladins of the West Kingdom","1","4","120","120","90","2019","1,2,3","2","14+","Some necessary text - easily memorized or small crib sheet","","","","","","standalone","","","","","","","","","","A6","2024-09-09","","","",""
"Paladins of the West Kingdom: City of Crowns","317980","0","0","0","1","0","0","0","0","0","0","0","3","BoardGameBliss","","","","","74935165","6.41542","8.15683","4.1064","0","8144","thing","Paladins of the West Kingdom: City of Crowns","1","4","120","120","90","2021","1,2,3","2","14+","Some necessary text - easily memorized or small crib sheet","","","","","","expansion","","","","","","","","","","","","Garphill Games","English","2021","English edition"
"Paladins of the West Kingdom: Player Suspicion Decks","432453","0","0","0","1","0","0","0","0","0","0","0","1","","","","","","139049726","0","8.275","0","0","337","thing","Paladins of the West Kingdom: Player Suspicion Decks","1","4","120","120","90","2025","","","","","","","","","","expansion","","","","","","","","","","","","","","",""
"Paladins of the West Kingdom: The Vassals Mini-Expansion","327244","0","0","0","1","0","0","0","0","0","0","0","1","","","","","","90923563","5.85825","8.06123","3","0","3115","thing","Paladins of the West Kingdom: The Vassals Mini-Expansion","1","4","120","120","90","2021","1","1","12+","No necessary in-game text","","","","","","expansion","","","","","","","","","","","","","","",""
"Pandemic: Iberia","198928","9","0","0","1","0","0","0","0","0","0","0","1","","","","","","47729843","7.42861","7.87007","2.5877","160","21630","thing","Iberia","2","5","45","45","45","2016","1,2,3,4,5","3,4","10+","Some necessary text - easily memorized or small crib sheet","","","","","","standalone","","","","","","","","","","A5","2024-09-12","Filosofia Éditions","French","2016","French edition 2016"
"Panthéon","94480","0","0","0","1","0","0","0","0","0","0","0","1","","","","","","22602010","6.00993","6.70443","2.7578","3123","2691","thing","Pantheon","2","4","90","90","60","2011","2,3,4","4","10+","No necessary in-game text","","","","","","standalone","","","","","","","","","","","","Filosofia Éditions","French","2011","French edition"
"Paperback","141572","0","0","0","1","0","0","0","0","0","0","0","3","","","","","","120042001","6.80394","7.08912","2.0033","752","17710","thing","Paperback","2","5","45","45","45","2024","2,3,4","2","10+","Unplayable in another language","","","","","","standalone","","","","","","","","","","","","Fowers Games","French","2024","French edition"
"Paris","282954","0","0","0","1","0","0","0","0","0","0","0","3","Kickstarter","","","","","63933088","6.46121","7.20319","2.7593","1424","6186","thing","Paris","2","4","90","90","90","2020","2,3,4","4","10+","No necessary in-game text","","","","","","standalone","","","","","","","","","","","","Game Brewer","Dutch; English; French; German","2020","English/French/German/Dutch deluxe edition"
"Paris: l'Étoile","336591","0","0","0","1","0","0","0","0","0","0","0","3","Kickstarter","","","","","82480452","5.60264","7.25838","3","0","1625","thing","Paris: l'Étoile","2","4","90","90","60","2022","2,3,4","4","10+","No necessary in-game text","","","","","","expansion","","","","","","","","","","","","Game Brewer","Dutch; English; French; German; Spanish","2022","EN/FR/DE/NL/ES edition"
"Patchwork","163412","7.5","21","0","1","0","0","0","0","0","0","0","1","","","","","","37949310","7.47197","7.57866","1.597","148","123255","thing","Patchwork","2","2","30","30","15","2014","2","2","6+","No necessary in-game text","","","","","","standalone","","","","","","","","","","","","","","",""
"PDX","439094","0","0","0","1","0","0","0","0","0","1","0","3","","","","","","144131515","0","6.94231","3","0","51","thing","PDX","1","4","90","90","20","2026","3","3","16","","","","","","","standalone","","","","","","","","","","","","Waterworks Games","English; French; German; Spanish","2026","Multilingual edition"
"Pergamon","90040","7.5","6","0","1","0","0","0","0","0","0","0","3","","","","","","13230875","6.25472","6.91645","2.2437","2022","3019","thing","Pergamon","2","4","45","45","45","2011","2,3,4","3","10+","No necessary in-game text","","","","","","standalone","","","","","","","","","","A2","2021-07-11","","","",""
"Pharaon","282414","7","0","0","1","0","0","0","0","0","0","0","3","EspaceJeux.tv","","","","","68600920","6.31197","7.38373","2.7364","1827","3275","thing","Pharaon","1","5","75","75","30","2019","1,2,3,4,5","1,3","10+","No necessary in-game text","","","","","","standalone","","","","","","","","","","","","Catch Up Games","French","2019","French edition"
"Pharaon: Conflits","339672","0","0","0","1","0","0","0","0","0","0","0","3","","","","","","86523584","5.5788","7.94189","2.75","0","541","thing","Pharaon: Conflits","1","5","0","0","0","2021","1,2,3,4,5","1,2,3","12+","","","","","","","expansion","","","","","","","","","","","","Catch Up Games","French","2021","French edition"
"Pillards de la mer du Nord","170042","7.8","5","0","1","0","0","0","0","0","0","0","3","Secret cabal","","","","","38621661","7.49946","7.71916","2.5724","134","35182","thing","Raiders of the North Sea","2","4","80","80","60","2015","2,3,4","3","10+","Moderate in-game text - needs crib sheet or paste ups","","","","","","standalone","","","","","","","","","","A6","2024-09-09","","","",""
"Pillards de la mer du Nord: Champs de gloire","210164","0","0","0","1","0","0","0","0","0","0","0","1","","","","","","47841472","6.86247","8.01735","2.8393","0","10514","thing","Raiders of the North Sea: Fields of Fame","2","5","80","80","60","2018","2,3,4,5","3","10+","Moderate in-game text - needs crib sheet or paste ups","","","","","","expansion","","","","","","","","","","BoiteBase","","Pixie Games","French","2018","French edition"
"Pillards de la mer du nord: Taverne des Héros","210163","0","0","0","1","0","0","0","0","0","0","0","1","","","","","","47841468","7.11337","8.20379","2.7424","0","12050","thing","Raiders of the North Sea: Hall of Heroes","2","5","80","80","60","2018","2,3,4","3","10+","Some necessary text - easily memorized or small crib sheet","","","","","","expansion","","","","","","","","","","BoiteBase","","Pixie Games","French","2018","French edition"
"Pirates de Maracaibo","397385","0","0","0","1","0","0","0","0","0","0","0","3","Randolph","","","","","142267971","7.07368","7.93637","2.8958","418","7358","thing","Pirates of Maracaibo","1","4","100","100","40","2024","1,2,3,4","3","12+","No necessary in-game text","","","","","","standalone","","","","","","","","","","","","Game's Up; Super Meeple","French","2024","French edition"
"Pirates of Maracaibo: Commanders","424911","0","0","0","1","0","0","0","0","0","0","0","3","Randolph","","","","","142267967","5.86334","8.22454","3.1111","0","2272","thing","Pirates of Maracaibo: Commanders","1","4","30","30","30","2024","2,3,4","2,3","10+","No necessary in-game text","","","","","","expansion","","","","","","","","","","","","dlp games; Game's Up","English","2024","English edition"
"Planet Unknown","258779","0","1","0","1","0","0","0","0","0","0","0","1","Gamefound","","","","","102409986","7.41388","7.76139","2.2542","166","21113","thing","Planet Unknown","1","6","80","80","60","2022","1,2,3,4,5,6","4","10+","Moderate in-game text - needs crib sheet or paste ups","","","","","","standalone","","","","","","","","","","","","Adam's Apple Games, LLC","English","2022","English deluxe edition"
"Planet Unknown: Supermoon","393509","0","0","0","1","0","0","0","0","0","0","0","3","Gamefound","","","","","108650865","5.84504","7.61028","2.4444","0","5055","thing","Planet Unknown: Supermoon","1","6","80","80","65","2024","1,2,3,4,5,6","2,3,4,5,6","10+","Some necessary text - easily memorized or small crib sheet","","","","","","expansion","","","","","","","","","","","","Adam's Apple Games, LLC; Origames","French","2024","French edition"
"Point City","368017","0","1","0","1","0","0","0","0","0","0","0","3","","","","","","99679199","6.58024","7.13249","1.6852","1147","11048","thing","Point City","1","4","30","30","15","2023","1,2,3,4","2","10+","Some necessary text - easily memorized or small crib sheet","","","","","","standalone","","","","","","","","","","","","Flatout Games","English","2023","English edition"
"Point Salad","274960","8","17","0","1","0","0","0","0","0","0","0","1","BoardGameBliss","","","","","67374813","6.9138","7.08847","1.1523","603","39756","thing","Point Salad","2","6","30","30","15","2019","2,3,4,5,6","3","8+","Some necessary text - easily memorized or small crib sheet","","","","","","standalone","","","","","","","","","","","","","","",""
"Pokémon Trading Card Game","2165","0","0","0","1","0","0","0","0","0","0","0","1","","","","","","70261386","6.07018","6.41487","2.0472","2817","7572","thing","Pokémon Trading Card Game","2","2","20","20","20","1996","2","2","8+","Extensive use of text - massive conversion needed to be playable","","","","","","standalone","","","","","","","","","","","","","","",""
"Port Royal","156009","7","5","0","1","0","0","0","0","0","0","0","3","Revanche","","","","","77003132","6.88928","7.10327","1.6332","632","28677","thing","Port Royal","2","5","50","50","20","2018","2,3,4,5","3,4","8+","No necessary in-game text","","","","","","standalone","","","","","","","","","","20X5","2024-09-17","Matagot","French","2018","French edition 2018"
"Potion Explosion","180974","7.5","41","0","1","0","0","0","0","0","0","0","1","","","","","","43606158","6.9231","7.12016","1.7819","596","33898","thing","Potion Explosion","2","4","45","45","30","2015","2,3,4","3","8+","No necessary in-game text","","","","","","standalone","","","","","","","","","","B5","2024-09-17","","","",""
"Potion Explosion: The 6th Student","257729","8","0","0","1","0","0","0","0","0","0","0","3","","","","","","53684236","5.824","7.48201","2.1429","0","2955","thing","Potion Explosion: The 6th Student","2","6","45","45","30","2019","3,4,5,6","4","14+","","","","","","","expansion","","","","","","","","","","","","","","",""
"Potion Explosion: The Fifth Ingredient","203542","7.5","0","0","1","0","0","0","0","0","0","0","1","","","","","","43606159","6.2285","7.52339","1.9474","0","6794","thing","Potion Explosion: The Fifth Ingredient","2","4","60","60","30","2017","2,3,4","2","8+","No necessary in-game text","","","","","","expansion","","","","","","","","","","","","","","",""
"Praga Caput Regni","308765","7.5","1","0","1","0","0","0","0","0","0","0","3","","","","","","71023136","7.37187","7.83379","3.729","191","16568","thing","Praga Caput Regni","1","4","150","150","45","2020","1,2,3,4","3","12+","No necessary in-game text","","","","","","standalone","","","","","","","","","","D9","2024-09-12","","","",""
"Project L","260180","6","1","0","1","0","0","0","0","0","0","0","3","BoardgameBliss","","","","","94526159","7.10864","7.44586","1.5618","382","23554","thing","Project L","1","4","40","40","20","2021","1,2,3,4","2,3","8+","No necessary in-game text","","","","","","standalone","","","","","","","","","","","","Boardcubator","English; French; German","2021","English/French/German edition 2021"
"Project L: Finesse","287508","0","0","0","1","0","0","0","0","0","0","0","3","","","","","","100993555","5.97187","7.66506","2","0","5391","thing","Project L: Finesse","1","4","40","40","20","2021","1,2,3,4","2,3","10+","No necessary in-game text","","","","","","expansion","","","","","","","","","","","","Boardcubator","English","2021","English first edition"
"Puerto Rico 1897: Special Edition","415843","0","0","0","1","0","0","0","0","0","0","0","3","Gamefound VF","","","","","123863248","6.90158","8.67026","3.0182","0","6321","thing","Puerto Rico 1897: Special Edition","1","5","120","120","60","2025","1,2,3,4,5","4","10+","Some necessary text - easily memorized or small crib sheet","","","","","","standalone","","","","","","","","","","","","Awaken Realms","French","2025","French edition"
"Pulsar 2849","228341","8","1","0","1","0","0","0","0","0","0","0","3","","","","","","43428834","7.19071","7.63439","3.3416","309","13083","thing","Pulsar 2849","2","4","90","90","60","2017","2,3,4","4","14+","No necessary in-game text","","","","","","standalone","","","","","","","","","","D9","2024-09-12","","","",""
"Punica: Rome vs Carthage","445456","0","0","0","1","0","0","0","0","0","0","0","3","","","","","","132781011","5.5911","7.16031","1.6","9908","208","thing","Punica: Rome vs Carthage","2","2","20","20","20","2025","2","2","12+","Moderate in-game text - needs crib sheet or paste ups","","","","","","standalone","","","","","","","","","","","","PHALANX","English; French; German; Polish","2025","Multilingual edition"
"QE","266830","7.5","0","0","1","0","0","0","0","0","0","0","3","Kickstarter","","","","","69015612","6.90265","7.32541","1.5479","621","12474","thing","QE","3","5","45","45","45","2019","3,4,5","5","10+","No necessary in-game text","","","","","","standalone","","","","","","","","","","A1","2024-09-17","BoardGameTables.com","English","2019","English edition 2019"
"QE: Commodities","360699","0","0","0","1","0","0","0","0","0","0","0","3","Kickstater","","","","","96005008","5.93636","7.90668","2.3333","0","2932","thing","QE: Commodities","3","5","0","0","0","2023","3,4,5","4,5","8–14","No necessary in-game text","","","","","","expansion","","","","","","","","","","","","BoardGameTables.com","English","2023","English edition"
"The Quacks of Quedlinburg: The Herb Witches","269259","0","0","0","1","0","0","0","0","0","0","0","1","Espacejeux.Tv Été 2019","","","","","57952602","7.36209","7.99991","2.0102","0","29353","thing","The Quacks of Quedlinburg: The Herb Witches","2","5","45","45","45","2019","2,3,4,5","3,4,5","8+","Moderate in-game text - needs crib sheet or paste ups","","","","","","expansion","","","","","","","","","","","","","","",""
"Quadropolis","176396","7.5","2","0","1","0","0","0","0","0","0","0","3","","","","","","34024839","6.93235","7.20981","2.2049","586","18880","thing","Quadropolis","2","4","60","60","30","2016","2,3,4","4","8+","No necessary in-game text","","","","","","standalone","","","","","","","","","","B5","2024-09-17","Days of Wonder","French","2016","French first edition"
"Quadropolis: Public Services","219618","0","0","0","1","0","0","0","0","0","0","0","1","","","","","","49117623","5.89305","7.35811","2.125","0","3729","thing","Quadropolis: Public Services","2","4","60","60","30","2017","2,3,4","3,4","10+","No necessary in-game text","","","","","","expansion","","","","","","","","","","","","","","",""
"Québec","91984","7","1","0","1","0","0","0","0","0","0","0","1","","","","","","13780279","6.18747","7.12784","2.9774","2282","2396","thing","Québec","2","5","75","75","75","2011","3,4,5","4","12+","No necessary in-game text","","","","","","standalone","","","","","","","","","","","","Scorpion Masqué; Ystari Games","English; French; German","2011","English/French/German edition"
"Québec: Hitchcock à Québec","109633","0","0","0","1","0","0","0","0","0","0","0","1","","","","","","16253175","5.52274","6.97875","4","0","197","thing","Québec: Hitchcock à Québec","2","5","90","90","90","2011","","","","","","","","","","expansion","","","","","","","","","","","","","","",""
"Qwixx","131260","0","1","0","1","0","0","0","0","0","0","0","1","","","","","","53408180","6.65848","6.87732","1.11","991","32664","thing","Qwixx","2","5","15","15","15","2012","2,3,4,5","3,4","8+","No necessary in-game text","","","","","","standalone","","","","","","","","","","P1","2021-07-11","","","",""
"Ra","12","8.5","0","0","1","0","0","0","0","0","0","0","3","Gamefound","","","","","11656871","7.55491","7.71583","2.3047","113","40506","thing","Ra","2","5","60","60","45","2023","3,4,5","3,4","10+","No necessary in-game text","","","","","","standalone","","","","","","","","","","C4","2024-09-12","25th Century Games","English","2023","25th Century Games English deluxe edition"
"RA and Write","422796","0","0","0","1","0","0","0","0","0","0","0","3","","","","","","137478789","5.75352","7.19639","1.4167","5403","1069","thing","RA and Write","2","5","20","20","20","2025","2,3,4,5","2,3","10+","No necessary in-game text","","","","","","standalone","","","","","","","","","","","","25th Century Games","English","2025","English edition"
"Ra: Traders","426753","0","0","0","1","0","0","0","0","0","0","0","3","Gamefound","","","","","129601697","5.77565","7.88579","1.8571","0","2548","thing","Ra: Traders","2","5","60","60","30","2025","3,4","4","10+","No necessary in-game text","","","","","","expansion","","","","","","","","","","","","25th Century Games","English","2025","English Pharaoh edition"
"Radlands","329082","8","0","0","1","0","0","0","0","0","0","0","3","","","","","","103846596","7.35475","7.73971","2.2699","211","28309","thing","Radlands","2","2","40","40","20","2023","2","2","12+","Moderate in-game text - needs crib sheet or paste ups","","","","","","standalone","","","","","","","","","","","","Lucky Duck Games; Roxley","French","2023","French edition"
"Raiders of the North Sea: The Mico Promo","236824","0","0","0","1","0","0","0","0","0","0","0","1","","","","","","47841475","5.71852","7.77201","3","0","1782","thing","Raiders of the North Sea: The Mico Promo","2","4","80","80","60","2017","3,4","4","","","","","","","","expansion","","","","","","","","","","","","","","",""
"Railroad Tiles","418062","0","0","0","1","0","0","0","0","0","0","0","3","Kickstarter","","","","","124199418","6.28635","7.52326","1.75","1925","3633","thing","Railroad Tiles","1","4","30","30","30","2025","1,2,3,4","3","8+","No necessary in-game text","","","","","","standalone","","","","","","","","","","","","Horrible Guild","English","2025","English edition"
"Railroad Tiles: Canals Expansion","429723","0","0","0","1","0","0","0","0","0","0","0","3","","","","","","135032415","5.56406","7.73971","1.5","0","618","thing","Railroad Tiles: Canals Expansion","1","4","30","30","30","2025","1,2,3,4","3","8+","","","","","","","expansion","","","","","","","","","","","","Horrible Guild","English","2025","English edition"
"Railroad Tiles: Energy Expansion","429724","0","0","0","1","0","0","0","0","0","0","0","3","","","","","","135032421","5.53109","7.37125","2.3333","0","438","thing","Railroad Tiles: Energy Expansion","1","4","30","30","30","2025","2","2","10+","No necessary in-game text","","","","","","expansion","","","","","","","","","","","","Horrible Guild","English","2025","English edition"
"Railroad Tiles: Forest Expansion","429720","0","0","0","1","0","0","0","0","0","0","0","3","","","","","","135032511","5.55223","7.62586","1","0","503","thing","Railroad Tiles: Forest Expansion","1","4","30","30","30","2025","2","2","8+","No necessary in-game text","","","","","","expansion","","","","","","","","","","","","Horrible Guild","English","2025","English edition"
"Railroad Tiles: Hospital & Local Market Promo Tiles","449910","0","0","0","1","0","0","0","0","0","0","0","3","","","","","","135032395","5.526","7.34286","0","0","361","thing","Railroad Tiles: Hospital & Local Market Promo Tiles","1","4","45","45","45","2025","","","","No necessary in-game text","","","","","","expansion","","","","","","","","","","","","Horrible Guild","English","2025","English edition"
"Railroad Tiles: World Expansion","429721","0","0","0","1","0","0","0","0","0","0","0","3","","","","","","135032403","5.58279","7.83372","2","0","884","thing","Railroad Tiles: World Expansion","1","4","30","30","30","2025","1,2,3,4","3","8+","","","","","","","expansion","","","","","","","","","","","","Horrible Guild","English","2025","English edition"
"Raising Robots: Deluxe","410226","9","0","0","1","0","0","0","0","0","0","0","1","","","","","","126642653","5.82768","7.96314","3","0","1226","thing","Raising Robots: Deluxe","1","6","90","90","60","2023","1,2,3,4,5,6","4","12+","No necessary in-game text","","","","","","standalone","","","","","","","","","","","","","","",""
"Raising Robots: Friends","423694","0","0","0","1","0","0","0","0","0","0","0","3","Kickstarter","","","","","124648132","5.56209","8.11833","3","0","890","thing","Raising Robots: Friends","1","6","75","75","75","2025","1,2,3,4,5,6","3,4,5,6","14+","No necessary in-game text","","","","","","expansion","","","","","","","","","","","","Nauvoo Games","English","2025","English edition"
"Raising Robots: Pets","387358","0","0","0","1","0","0","0","0","0","0","0","3","","","","","","113792183","5.62447","7.99015","3.2","0","1189","thing","Raising Robots: Pets","1","6","75","75","75","2023","1,2,3,4,5,6","3,4","12+","No necessary in-game text","","","","","","expansion","","","","","","","","","","","","Nauvoo Games","English","2023","English edition"
"Rajas of the Ganges","220877","8","21","0","1","0","0","0","0","0","0","0","1","","","","","","46292056","7.41237","7.71859","2.9016","169","21476","thing","Rajas of the Ganges","2","4","75","75","45","2017","2,3,4","4","12+","No necessary in-game text","","","","","","standalone","","","","","","","","","","20X5","","","","",""
"Rajas of the Ganges: Goodie Box 1","286383","0","0","0","1","0","0","0","0","0","0","0","3","BoardGameBliss","","","","","66154852","5.87991","7.83992","2.5","0","3501","thing","Rajas of the Ganges: Goodie Box 1","2","4","75","75","45","2019","","","","","","","","","","expansion","","","","","","","","","","A4","","HUCH!; R&R Games","English; German","2019","English/German edition"
"Rajas of the Ganges: Goodie Box 2","306920","0","0","0","1","0","0","0","0","0","0","0","3","401Games","","","","","71016245","5.77639","7.88529","3","0","2900","thing","Rajas of the Ganges: Goodie Box 2","2","4","75","75","45","2020","","","","","","","","","","expansion","","","","","","","","","","","","","","",""
"Rauha","371922","7.8","1","0","1","0","0","0","0","0","0","0","3","","","","","","107487466","6.00506","7.01886","2.3333","3149","1539","thing","Rauha","2","5","45","45","45","2023","2,3,4,5","3","10+","No necessary in-game text","","","","","","standalone","","","","","","","","","","","","GRRRE Games","French","2023","French edition"
"Ready Set Bet","351040","8.5","0","0","1","0","0","0","0","0","0","0","3","","","","","","99313667","7.05839","7.49244","1.3284","438","16594","thing","Ready Set Bet","2","9","60","60","45","2023","4,5,6,7,8,9","6,7,8","10+","Some necessary text - easily memorized or small crib sheet","","","","","","standalone","","","","","","","","","","E2","2024-09-17","Alderac Entertainment Group; IELLO","French","2023","French edition"
"Rebirth","417197","7.8","0","0","1","0","0","0","0","0","0","0","3","Kickstarter","","","","","126525403","7.08641","7.76248","2","405","10629","thing","Rebirth","2","4","60","60","45","2024","2,3,4","3","8+","Some necessary text - easily memorized or small crib sheet","","","","","","standalone","","","","","","","","","","","","Mighty Boards","English","2024","English Kickstarter edition"
"The Red Cathedral","227224","8","0","0","1","0","0","0","0","0","0","0","3","EspaceJeux","","","","","91080905","7.32779","7.65717","2.8131","224","28743","thing","The Red Cathedral","1","4","80","80","80","2021","1,2,3,4","3","12+","No necessary in-game text","","","","","","standalone","","","","","","","","","","E7","2024-09-12","Devir","Catalan; English; Italian; Portuguese; Spanish","2021","Multilingual second edition"
"The Red Cathedral: Contractors","359747","0","0","0","1","0","0","0","0","0","0","0","3","","","","","","103070996","6.18803","7.89798","2.9545","0","6226","thing","The Red Cathedral: Contractors","1","4","90","90","60","2022","1,2,3,4","3","12+","No necessary in-game text","","","","","","expansion","","","","","","","","","","","","Devir","Catalan; English; Italian; Portuguese; Spanish","2022","Multilingual edition"
"Regicide","307002","0","2","0","1","0","0","0","0","0","0","0","3","","","","","","93943996","6.94822","7.38613","1.9683","560","15869","thing","Regicide","1","4","30","30","10","2023","1,2,3,4","2","10+","No necessary in-game text","","","","","","standalone","","","","","","","","","","","","Badgers from Mars","English","2023","English second teal edition"
"Res Arcana","262712","8","10","0","1","0","0","0","0","0","0","0","3","EspaceJeux.Tv","","","","","66781015","7.38796","7.61065","2.6554","183","34946","thing","Res Arcana","2","4","60","60","30","2019","2,3,4","2","10+","Some necessary text - easily memorized or small crib sheet","","","","","","standalone","","","","","","","","","","D7","2024-09-12","Sand Castle Games","French","2019","French edition"
"Res Arcana: Lux et Tenebrae","288168","0","0","0","1","0","0","0","0","0","0","0","1","Imaginaire","","","","","67027799","7.05547","8.18214","2.7407","0","13458","thing","Res Arcana: Lux et Tenebrae","2","5","60","60","30","2019","2,3,4,5","2","12+","Moderate in-game text - needs crib sheet or paste ups","","","","","","expansion","","","","","","","","","","","","","","",""
"Res Arcana: Perlae Imperii","340375","0","0","0","1","0","0","0","0","0","0","0","3","","","","","","86542109","6.78193","8.30173","2.7105","0","9572","thing","Res Arcana: Perlae Imperii","2","5","60","60","20","2021","2,3,4","2","12+","Some necessary text - easily memorized or small crib sheet","","","","","","expansion","","","","","","","","","","","","Sand Castle Games","French","2021","French edition"
"The Resistance: Avalon Promo Cards","132195","0","0","0","1","0","0","0","0","0","0","0","1","","","","","","17368077","5.75741","7.20054","1.9667","0","1993","thing","The Resistance: Avalon Promo Cards","5","10","30","30","30","2012","6,7,8,9,10","7,8","10+","No necessary in-game text","","","","","","expansion","","","","","","","","","","","","","","",""
"Resurgence","340897","8","0","0","1","0","0","0","0","0","0","0","1","Kickstater","","","","","85764784","6.15694","7.54684","3.1455","2393","2285","thing","Resurgence","1","4","90","90","60","2022","1,2,3,4","3","12+","Some necessary text - easily memorized or small crib sheet","","","","","","standalone","","","","","","","","","","","","Half-a-Kingdom Games","English","2022","English first edition"
"Revenant","428099","0","0","0","1","0","0","0","0","0","0","0","3","Gamefound","","","","","126374449","5.57304","7.429","3.9474","11113","280","thing","Revenant","1","4","120","120","90","2026","1,2,3,4","3","12–14","Some necessary text - easily memorized or small crib sheet","","","","","","standalone","","","","","","","","","","","","Mindclash Games","English","2026","English edition"
"Revive","332772","7.8","0","0","1","0","0","0","0","0","0","0","1","","","","","","105953760","7.62097","8.05377","3.4613","93","18303","thing","Revive","1","4","120","120","90","2023","1,2,3,4","3","14+","Some necessary text - easily memorized or small crib sheet","","","","","","standalone","","","","","","","","","","A6","2024-09-09","Aporta Games; Matagot","French","2023","French edition"
"Revive: L'Appel des Abysses","385685","0","0","0","1","0","0","0","0","0","0","0","1","Ludold","","","","","105953761","6.19417","8.31326","3.4286","0","4516","thing","Revive: Call of the Abyss","1","4","120","120","90","2024","1,2,3,4","3","12+","Some necessary text - easily memorized or small crib sheet","","","","","","expansion","","","","","","","","","","","","Matagot","French","2024","French edition"
"The Rich and the Good","38863","8","0","0","1","0","0","0","0","0","0","0","3","","","","","","119160772","6.38133","7.15413","2.1576","1637","2935","thing","The Rich and the Good","3","5","45","45","45","2023","3,4,5","4","10+","No necessary in-game text","","","","","","standalone","","","","","","","","","","","","Ares Games","English","2023","English edition"
"Ride the Rails","297486","8","0","0","1","0","0","0","0","0","0","0","3","BoardGameBliss
","","","","","67719254","6.30258","7.11653","2.2885","1863","4207","thing","Ride the Rails","3","5","60","60","45","2020","3,4,5","4,5","12+","No necessary in-game text","","","","","","standalone","","","","","","","","","","","","Capstone Games","English","2020","English edition"
"Ride the Rails: Australia & Canada","330325","9","0","0","1","0","0","0","0","0","0","0","3","BoardgameBliss","","","","","81900794","5.56677","7.26722","3","0","1116","thing","Ride the Rails: Australia & Canada","3","5","60","60","60","2021","3,4,5","4","12+","No necessary in-game text","","","","","","expansion","","","","","","","","","","","","Capstone Games","English","2021","English edition"
"Ride the Rails: France & Germany","297568","0","0","0","1","0","0","0","0","0","0","0","3","BoardGameBliss","","","","","70916847","5.637","7.44138","3.1667","0","1637","thing","Ride the Rails: France & Germany","3","5","60","60","45","2020","3,4,5","4","12+","No necessary in-game text","","","","","","expansion","","","","","","","","","","","","Capstone Games","English","2020","English edition"
"Rise","369282","8.5","0","0","1","0","0","0","0","0","0","0","3","","","","","","98179435","5.98541","7.04232","2.6286","3277","2130","thing","Rise","2","4","60","60","60","2022","2,3,4","2,3","12+","No necessary in-game text","","","","","","standalone","","","","","","","","","","","","Capstone Games; dlp games","English","2022","English edition"
"Riverside","321108","8","2","0","1","0","0","0","0","0","0","0","3","","","","","","102800041","6.11497","7.08206","1.8889","2590","3019","thing","Riverside","1","6","25","25","15","2021","1,2,3,4,5,6","3,4","10+","No necessary in-game text","","","","","","standalone","","","","","","","","","","","","Matagot","English; French","2021","English/French edition"
"Rococo: Deluxe Edition","296100","0","0","0","1","0","0","0","0","0","0","0","3","Gamefound","","","","","120172013","7.22548","8.18423","3.0606","0","8459","thing","Rococo: Deluxe Edition","1","5","120","120","60","2021","1,2,3,4","3","12+","No necessary in-game text","","","","","","standalone","","","","","","","","","","","","Eagle-Gryphon Games","English","2021","English Basic Deluxe edition"
"Le Roi est Mort","319966","8","0","0","1","0","0","0","0","0","0","0","3","La Pioche","","","","","85724100","7.11457","7.58439","2.1687","374","13084","thing","The King Is Dead: Second Edition","2","4","45","45","30","2021","2,3,4","3","12+","No necessary in-game text","","","","","","standalone","","","","","","","","","","D8","2024-09-17","Origames","French","2021","French edition"
"Roll and Rails","372883","0","0","0","1","0","0","0","0","0","0","0","3","Kickstarter","","","","","105859524","5.51198","6.35","0","22099","204","thing","Roll and Rails","1","5","60","60","20","2022","","","","No necessary in-game text","","","","","","standalone","","","","","","","","","","","","DicePen","English; Polish","2022","English/Polish edition"
"Roll and Rails: Great Britain Map Pack","375894","0","0","0","1","0","0","0","0","0","0","0","3","","","","","","106607218","0","8","0","0","35","thing","Roll and Rails: Great Britain Map Pack","1","5","60","60","30","2022","","","","","","","","","","expansion","","","","","","","","","","","","DicePen","English","2022","English edition"
"Roll and Rails: Japan Map Pack","375893","0","0","0","1","0","0","0","0","0","0","0","3","","","","","","106607220","0","8","0","0","32","thing","Roll and Rails: Japan Map Pack","1","5","60","60","30","2022","","","","","","","","","","expansion","","","","","","","","","","","","DicePen","English","2022","English edition"
"Roll and Rails: Railway Moguls variant","375897","0","0","0","1","0","0","0","0","0","0","0","3","","","","","","106607211","0","8","0","0","33","thing","Roll and Rails: Railway Moguls variant","3","5","60","60","30","2022","","","","","","","","","","expansion","","","","","","","","","","","","DicePen","English","2022","English edition"
"Roll and Rails: USA Map Pack 1","375895","0","0","0","1","0","0","0","0","0","0","0","3","","","","","","106607213","0","7","0","0","34","thing","Roll and Rails: USA Map Pack 1","1","5","60","60","30","2022","","","","","","","","","","expansion","","","","","","","","","","","","DicePen","English","2022","English edition"
"Roll and Rails: USA Map Pack 2 Expansion","375896","0","0","0","1","0","0","0","0","0","0","0","3","","","","","","106607216","0","8","0","0","32","thing","Roll and Rails: USA Map Pack 2 Expansion","1","5","60","60","30","2022","","","","","","","","","","expansion","","","","","","","","","","","","DicePen","English","2022","English edition"
"Roll Player","169426","8","1","0","1","0","0","0","0","0","0","0","1","La Revanche","","","","","44984940","7.20517","7.41708","2.4229","299","34383","thing","Roll Player","1","4","90","90","60","2019","1,2,3,4","3","10+","Extensive use of text - massive conversion needed to be playable","","","","","","standalone","","","","","","","","","","A5","2024-09-12","Intrafin Games","French","2019","French edition"
"Roll Player: Monstres et Sbires","213360","0","0","0","1","0","0","0","0","0","0","0","3","CoinDuJeu","","","","","122341033","7.16361","8.00478","2.7792","0","16627","thing","Roll Player: Monsters & Minions","1","5","120","120","60","2020","1,2,3,4,5","3","10+","Extensive use of text - massive conversion needed to be playable","","","","","","expansion","","","","","","","","","","","","Intrafin Games","French","2020","French edition"
"Root: The Riverfolk Expansion","241386","0","0","0","1","0","0","0","0","0","0","0","1","BoardGameBliss","","","","","69821125","7.76735","8.43429","3.8718","0","38781","thing","Root: The Riverfolk Expansion","1","6","90","90","60","2018","3,4,5","4","12+","Extensive use of text - massive conversion needed to be playable","","","","","","expansion","","","","","","","","","","","","","","",""
"Sabika","360265","0","0","0","1","0","0","0","0","0","0","0","3","","","","","","97793731","6.5988","7.6884","3.8519","1107","4975","thing","Sabika","1","4","120","120","60","2022","1,2,3,4","3","14+","Some necessary text - easily memorized or small crib sheet","","","","","","standalone","","","","","","","","","","","","Ludonova","English; French","2022","English/French edition"
"Sagrada","199561","8","24","0","1","0","0","0","0","0","0","0","3","","","","","","42486593","7.32469","7.46863","1.9192","225","81264","thing","Sagrada","1","4","45","45","30","2017","1,2,3,4","2","8+","Some necessary text - easily memorized or small crib sheet","","","","","","standalone","","","","","","","","","","","","","","",""
"Sagrada Artisans","369751","0","5","0","1","0","0","0","0","0","0","0","3","","","","","","118205858","6.16204","7.66925","2.4","2373","4150","thing","Sagrada Artisans","2","4","60","60","45","2023","2,3,4","2,4","10+","","","","","","","standalone","","","","","","","","","","","","Floodgate Games; Matagot","French","2023","French edition"
"Sagrada: 5-6 Player Expansion","244262","0","0","0","1","0","0","0","0","0","0","0","3","","","","","","51354575","6.77992","7.69448","2.1081","0","17404","thing","Sagrada: 5-6 Player Expansion","5","6","40","40","20","2018","2,3,4,5,6","3","10+","Some necessary text - easily memorized or small crib sheet","","","","","","expansion","","","","","","","","","","","","","","",""
"Sagrada: Promo 4 – BoardGameGeek Window Pattern Card","236940","0","5","0","1","0","0","0","0","0","0","0","1","","","","","","48930821","5.59955","7.33108","2","0","1327","thing","Sagrada: Promo 4 – BoardGameGeek Window Pattern Card","1","4","45","45","30","2017","2,3,4","2","10+","No necessary in-game text","","","","","","expansion","","","","","","","","","","","","","","",""
"Sagrada: The Great Facades – Life","301561","0","0","0","1","0","0","0","0","0","0","0","3","Lillojeux","","","","","92648001","6.10707","7.78123","2.75","0","7451","thing","Sagrada: The Great Facades – Life","1","4","45","45","30","2020","2,3","2","10+","Some necessary text - easily memorized or small crib sheet","","","","","","expansion","","","","","","","","","","","","Matagot","French","2020","French edition"
"Saltfjord","422674","0","0","0","1","0","0","0","0","0","0","0","3","","","","","","121265978","6.67444","7.84306","3.0319","961","4397","thing","Saltfjord","1","4","90","90","45","2025","1,2,3,4","2","12+","No necessary in-game text","","","","","","standalone","","","","","","","","","","","","Aporta Games","French","2025","French edition"
"Samarkand - La caravane de la richesse","66214","0","1","0","1","0","0","0","0","0","0","0","3","","","","","","13230885","6.08233","6.86072","2.2685","2748","2119","thing","Samarkand: Routes to Riches","2","5","45","45","45","2010","2,3,4,5","4","10+","No necessary in-game text","","","","","","standalone","","","","","","","","","","B6","2021-07-11","","","",""
"Sankoré: The Pride of Mansa Musa","382518","8.5","0","0","1","0","0","0","0","0","0","0","1","","","","","","104860306","6.45826","7.96071","4.2573","1429","3219","thing","Sankoré: The Pride of Mansa Musa","1","4","180","180","150","2024","1,2,3,4","3","14+","Some necessary text - easily memorized or small crib sheet","","","","","","standalone","","","","","","","","","","","","Osprey Games","English","2024","English edition"
"Satchel Quest","359842","0","0","0","1","0","0","0","0","0","1","0","3","","","","","","144131567","0","7.25194","2","0","43","thing","Satchel Quest","1","4","60","0","60","2026","1","1","10","","","","","","","standalone","","","","","","","","","","","","Weird City Games","English","2026","English edition"
"Scarface 1920","324090","0","0","0","1","0","0","0","0","0","0","0","3","Gamefound","","","","","106692198","6.62886","7.91091","3.8278","1047","4661","thing","Scarface 1920","1","4","150","150","90","2022","1,2,3,4","3","14+","Moderate in-game text - needs crib sheet or paste ups","","","","","","standalone","","","","","","","","","","","","Redzen Games","French","2022","French edition"
"Scarface 1920: Bloody Business","388682","0","0","0","1","0","0","0","0","0","0","0","3","Gamefound","","","","","109943963","5.69102","8.63736","3.5","0","1517","thing","Scarface 1920: Bloody Business","1","4","180","180","90","2025","2,3,4","4","12+","","","","","","","expansion","","","","","","","","","","","","Redzen Games","English","2025","English edition"
"Scarface 1920: Night Deck","396664","0","0","0","1","0","0","0","0","0","0","0","3","Gamefound","","","","","109944029","5.54123","8.88378","0","0","820","thing","Scarface 1920: Night Deck","1","4","180","180","90","2025","","","","","","","","","","expansion","","","","","","","","","","","","Redzen Games","English","2025","English edition"
"Scarface 1920: Paperboy","381515","0","0","0","1","0","0","0","0","0","0","0","3","Gamefound","","","","","109944032","5.57918","8.09624","0","0","1190","thing","Scarface 1920: Paperboy","1","4","150","150","90","2023","","","","","","","","","","expansion","","","","","","","","","","","","Redzen Games","English; French; German; Korean; Spanish","2023","Multilingual edition"
"Scarface 1920: The Enforcers Expansion","365521","0","0","0","1","0","0","0","0","0","0","0","3","Gamefound","","","","","109943977","5.65392","8.28938","3","0","2033","thing","Scarface 1920: The Enforcers Expansion","1","4","150","150","90","2023","","","","","","","","","","expansion","","","","","","","","","","","","","","",""
"Scholars of the South Tigris","367041","7.8","0","0","1","0","0","0","0","0","0","0","1","Kickstarter","","","","","104690934","7.01166","8.01858","4.1282","492","9012","thing","Scholars of the South Tigris","1","4","90","90","60","2023","1,2,3,4","3","14+","No necessary in-game text","","","","","","standalone","","","","","","","","","","","","Garphill Games","English","2023","Garphill Games English edition"
"SCOUT","291453","7.5","0","0","1","0","0","0","0","0","0","0","3","BGBliss","","","","","113385327","7.58057","7.78549","1.3876","107","55405","thing","SCOUT","2","5","20","20","20","2022","3,4,5","4","8+","No necessary in-game text","","","","","","standalone","","","","","","","","","","","","4 Kavky; Oink Games","Czech; English; French; German","2022","CS/EN/FR/DE edition"
"Sea Salt & Paper","367220","0","0","0","1","0","0","0","0","0","0","0","3","BGBliss","","","","","113385316","7.26766","7.50783","1.4759","256","48983","thing","Sea Salt & Paper","2","4","45","45","30","2022","2,3,4","2","8+","No necessary in-game text","","","","","","standalone","","","","","","","","","","","","Bombyx","English; French","2022","English/French edition 2022"
"Sea Salt & Paper: Extra Salt","396545","0","0","0","1","0","0","0","0","0","0","0","3","Ludold","","","","","115486717","6.79136","7.79083","1.4333","0","15816","thing","Sea Salt & Paper: Extra Salt","2","4","45","45","30","2023","2,3,4","2","8+","No necessary in-game text","","","","","","expansion","","","","","","","","","","","","Bombyx","English; French","2023","English/French edition"
"Seasons","108745","0","1","0","1","0","0","0","0","0","0","0","1","","","","","","131848545","7.14297","7.33227","2.7849","351","31809","thing","Seasons","2","4","60","60","60","2012","2,3","2","12+","Extensive use of text - massive conversion needed to be playable","","","","","","standalone","","","","","","","","","","","","","","",""
"Seasons: Enchanted Kingdom","136233","0","0","0","1","0","0","0","0","0","0","0","1","","","","","","131848549","6.62433","7.76781","2.7","0","9743","thing","Seasons: Enchanted Kingdom","2","4","60","60","60","2013","2,3,4","2,3","12+","Extensive use of text - massive conversion needed to be playable","","","","","","expansion","","","","","","","","","","","","","","",""
"Seasons: Path of Destiny","148166","0","0","0","1","0","0","0","0","0","0","0","1","","","","","","131848551","6.45634","7.86129","2.6809","0","7607","thing","Seasons: Path of Destiny","2","4","60","60","60","2014","2,3,4","2,3","12+","Extensive use of text - massive conversion needed to be playable","","","","","","expansion","","","","","","","","","","","","","","",""
"Le Seigneur des Anneaux: Duel pour la Terre du Milieu","421006","8","0","0","1","0","0","0","0","0","0","0","3","","","","","","123863997","7.9857","8.35468","2.072","19","42002","thing","The Lord of the Rings: Duel for Middle-earth","2","2","30","30","30","2024","2","2","10+","No necessary in-game text","","","","","","standalone","","","","","","","","","","","","Repos Production","French","2024","French edition"
"Le Seigneur des Anneaux: La Communauté de l'Anneau, Le jeu de plis coopératif","429293","9","0","0","1","0","0","0","0","0","0","0","3","","","","","","128765607","7.47469","7.98138","1.9492","145","25928","thing","The Lord of the Rings: The Fellowship of the Ring – Trick-Taking Game","1","4","20","20","20","2025","1,2,3,4","4","10+","Moderate in-game text - needs crib sheet or paste ups","","","","","","standalone","","","","","","","","","","","","Office Dog","French","2025","French edition"
"Sengoku: Provinces en Guerre","266722","0","0","0","1","0","0","0","0","0","0","0","3","","","","","","139290818","6.61144","7.42957","1.8214","1079","4533","thing","Rumble Nation","2","4","40","40","20","2025","2,3,4","4","10+","Some necessary text - easily memorized or small crib sheet","","","","","","standalone","","","","","","","","","","","","Hobby Japan","French","2025","French edition"
"SETI: Agences Spatiales","445048","0","0","0","1","0","0","0","0","0","1","0","3","","","","","","133702411","6.85299","8.85814","3.8","0","8305","thing","SETI: Space Agencies","1","4","160","160","40","2025","1,2,3,4","3","14+","Moderate in-game text - needs crib sheet or paste ups","","","","","","expansion","","","","","","","","","","","","Czech Games Edition (CGE); IELLO","French","2025","French edition"
"SETI: Recherche d'intelligence extraterrestre","418059","10","6","0","1","0","0","0","0","0","0","0","3","Lilojeux","","","","","122656492","8.03665","8.4171","3.8297","15","31562","thing","SETI: Search for Extraterrestrial Intelligence","1","4","160","160","40","2024","1,2,3,4","3","14+","Moderate in-game text - needs crib sheet or paste ups","","","","","","standalone","","","","","","","","","","","","IELLO","French","2024","French edition"
"SETI: Search for Extraterrestrial Intelligence – Pluto Promo Card","430027","0","0","0","1","0","0","0","0","0","0","0","3","","","","","","133702429","5.82742","8.25418","2.375","0","2632","thing","SETI: Search for Extraterrestrial Intelligence – Pluto Promo Card","1","4","160","160","40","2024","4","4","","","","","","","","expansion","","","","","","","","","","","","Czech Games Edition (CGE)","English","2024","English edition"
"Shackleton Base: A Journey to the Moon","408180","9","0","0","1","0","0","0","0","0","0","0","3","","","","","","126078727","7.07587","8.01293","3.9224","414","7003","thing","Shackleton Base: A Journey to the Moon","1","4","120","120","60","2024","2,3,4","3","14+","Some necessary text - easily memorized or small crib sheet","","","","","","standalone","","","","","","","","","","","","Sorry We Are French","French","2024","French edition"
"Sherlock 13","149869","6.5","0","0","1","0","0","0","0","0","0","0","3","","","","","","47459077","5.74676","6.31058","1.6","5495","2237","thing","Sherlock 13","2","4","15","15","15","2013","3,4","4","8+","No necessary in-game text","","","","","","standalone","","","","","","","","","","A4","2021-07-11","","","",""
"Shrimp","117992","0","0","0","1","0","0","0","0","0","0","0","1","","","","","","61090278","5.53271","5.89273","1","16069","657","thing","Shrimp","2","6","15","15","15","2012","2,3,4,5,6","4,5","5+","No necessary in-game text","","","","","","standalone","","","","","","","","","","","","asmodee","Dutch; English; French; German; Spanish","2012","Multilingual first edition"
"Silk","255037","0","0","0","1","0","0","0","0","0","0","0","3","BoardGame Bliss 18 Dec 2018","","","","","56702591","5.74258","6.28882","2.3913","5557","2437","thing","Silk","2","4","45","45","45","2018","3,4","3","8+","No necessary in-game text","","","","","","standalone","","","","","","","","","","A2","2021-07-11","","","",""
"Skull","92415","0","0","0","1","0","0","0","0","0","0","0","1","","","","","","56239988","7.00953","7.1711","1.1134","495","47349","thing","Skull","3","6","45","45","15","2011","3,4,5,6","5,6","8+","No necessary in-game text","","","","","","standalone","","","","","","","","","","","","","","",""
"Sky Team","373106","8.5","0","0","1","0","0","0","0","0","0","0","3","LaPioche","","","","","110694764","7.8892","8.11938","2.0393","32","66393","thing","Sky Team","2","2","20","20","20","2023","2","2","10+","Some necessary text - easily memorized or small crib sheet","","","","","","standalone","","","","","","","","","","","","Scorpion Masqué","French","2023","French edition"
"Sky Team: CDG Paris-Charles de Gaulle","404069","0","0","0","1","0","0","0","0","0","0","0","3","","","","","","113438459","5.53923","7.90222","2","0","468","thing","Sky Team: CDG Paris-Charles de Gaulle","2","2","30","30","15","2023","2","2","10+","No necessary in-game text","","","","","","expansion","","","","","","","","","","","","Scorpion Masqué","French","2023","French edition"
"Skyrise","298231","8.5","0","0","1","0","0","0","0","0","0","0","3","","","","","","119380328","6.81213","7.66633","2.25","743","7038","thing","Skyrise","2","4","90","90","30","2024","2,3,4","4","10+","Some necessary text - easily memorized or small crib sheet","","","","","","standalone","","","","","","","","","","","","Roxley","English","2024","English essentials edition"
"Slay the Spire: The Board Game","338960","8.5","0","0","1","0","0","0","0","0","0","0","3","LiloJeux","","","","","118993630","8.03369","8.64113","2.9003","16","21560","thing","Slay the Spire: The Board Game","1","4","150","150","30","2024","1,2,3,4","2","12+","Extensive use of text - massive conversion needed to be playable","","","","","","standalone","","","","","","","","","","DESK","2024-09-12","Contention Games","French","2024","French edition"
"Small World Underground","97786","0","1","0","1","0","0","0","0","0","0","0","3","","","","","","13414514","6.87408","7.22037","2.5888","648","20133","thing","Small World Underground","2","5","90","90","30","2011","2,3,4,5","4","10+","Moderate in-game text - needs crib sheet or paste ups","","","","","","standalone","","","","","","","","","","","","","","",""
"Smartphone Inc.","246684","9","2","0","1","0","0","0","0","0","0","0","3","Kickstarter","","","","","59094283","7.04867","7.55871","2.8138","448","10477","thing","Smartphone Inc.","1","5","90","90","60","2018","3,4,5","5","12+","Some necessary text - easily memorized or small crib sheet","","","","","","standalone","","","","","","","","","","B1","2024-09-17","","","",""
"Smartphone Inc.: Update 1.1","306864","0","0","0","1","0","0","0","0","0","0","0","1","","","","","","74130648","6.06357","7.79875","2.9","0","3807","thing","Smartphone Inc.: Update 1.1","1","5","90","90","60","2020","1,2,3,4,5","3,5","12+","Some necessary text - easily memorized or small crib sheet","","","","","","expansion","","","","","","","","","","","","","","",""
"So Clover!","329839","8","0","0","1","0","0","0","0","0","0","0","3","Revanche","","","","","87928178","7.24324","7.59064","1.1176","271","20762","thing","So Clover!","3","6","30","30","30","2020","2,3,4,5,6","3,4","10+","Unplayable in another language","","","","","","standalone","","","","","","","","","","","","Repos Production","French","2020","French edition"
"Space Base","242302","0","16","0","1","0","0","0","0","0","0","0","3","","","","","","51816298","7.32174","7.53891","2.1312","226","32417","thing","Space Base","2","5","60","60","60","2019","2,3,4,5","3,4","10+","Some necessary text - easily memorized or small crib sheet","","","","","","standalone","","","","","","","","","","A1","2024-09-12","Alderac Entertainment Group; Edge Entertainment","French","2019","French edition"
"Space Base: Biodome","322546","0","0","0","1","0","0","0","0","0","0","0","1","","","","","","131708529","5.69027","8.07646","2","0","1674","thing","Space Base: Biodome","2","5","60","60","50","2021","3,4,5","4","","","","","","","","expansion","","","","","","","","","","","","","","",""
"Space Base: Dreadnaught Promo Pack","277286","0","0","0","1","0","0","0","0","0","0","0","3","","","","","","79115894","5.68885","7.79178","2","0","1771","thing","Space Base: Dreadnaught Promo Pack","2","5","60","60","60","2019","2,3,4,5","3,4,5","8+","","","","","","","expansion","","","","","","","","","","","","Alderac Entertainment Group","English","2019","English edition"
"Space Base: Genesis","388569","0","0","0","1","0","0","0","0","0","0","0","3","","","","","","107135410","5.73757","8.40981","2.5","0","1902","thing","Space Base: Genesis","2","5","60","60","45","2024","2,3,4,5","3,4","","","","","","","","expansion","","","","","","","","","","","","Alderac Entertainment Group","English","2024","English edition"
"Space Gate Odyssey","266179","0","0","0","1","0","0","0","0","0","0","0","3","Version bil. ESPACEJEUX.TV
Livraison Juin","","","","","57290482","5.94211","6.92336","2.766","3564","3422","thing","Space Gate Odyssey","2","4","90","90","90","2019","2,3,4","4","12+","No necessary in-game text","","","","","","standalone","","","","","","","","","","C2","2021-12-12","Ludonaute","English; French","2019","English/French edition"
"Speakeasy","375459","0","0","0","1","0","0","0","0","0","0","0","3","Kickstarter","","","","","116062111","7.27812","8.45548","4.4247","249","8237","thing","Speakeasy","1","4","180","180","50","2025","1,2,3,4","3","14+","No necessary in-game text","","","","","","standalone","","","","","","","","","","","","","","",""
"Splendor","148228","7","15","0","1","0","0","0","0","0","0","0","1","","","","","","24119113","7.2928","7.42068","1.7745","243","139034","thing","Splendor","2","4","30","30","30","2014","2,3,4","3","8+","No necessary in-game text","","","","","","standalone","","","","","","","","","","","","","","",""
"Splendor Duel","364073","8","6","0","1","0","0","0","0","0","0","0","3","","","","","","102107593","7.55822","7.87568","2.0261","111","38517","thing","Splendor Duel","2","2","30","30","30","2022","2","2","10+","No necessary in-game text","","","","","","standalone","","","","","","","","","","20X5","2024-09-09","Space Cowboys","English","2022","English edition"
"Splendor: Cities of Splendor","220653","0","0","0","1","0","0","0","0","0","0","0","3","","","","","","40553910","6.69521","7.32287","2.1538","0","18880","thing","Splendor: Cities of Splendor","2","4","30","30","30","2017","2,3,4","3","8+","No necessary in-game text","","","","","","expansion","","","","","","","","","","","","","","",""
"Spot it!","63268","0","0","0","1","0","0","0","0","0","0","0","3","","","","","","11656834","6.35915","6.52504","1.0375","1689","50940","thing","Spot it!","2","8","15","15","15","2009","2,3,4,5,6,7","4,5","4+","No necessary in-game text","","","","","","standalone","","","","","","","","","","MÉLIANE","","","","",""
"Sprawlopolis","251658","7.5","1","0","1","0","0","0","0","0","0","0","1","","","","","","51857566","6.96033","7.26181","1.8013","547","28458","thing","Sprawlopolis","1","4","20","20","15","2018","1,2","1","8+","Moderate in-game text - needs crib sheet or paste ups","","","","","","standalone","","","","","","","","","","","","","","",""
"Sprawlopolis: Beaches","276862","0","0","0","1","0","0","0","0","0","0","0","3","Kickstarter","","","","","75237147","5.87652","7.40347","1.625","0","4580","thing","Sprawlopolis: Beaches","1","4","20","20","15","2019","1,2","1","8+","","","","","","","expansion","","","","","","","","","","","","Button Shy","English","2019","English Sleeve edition"
"Sprawlopolis: Construction Zones","262045","0","0","0","1","0","0","0","0","0","0","0","3","","","","","","75237185","5.74668","6.99148","1.625","0","4154","thing","Sprawlopolis: Construction Zones","1","4","20","20","15","2018","1,2","1","10+","","","","","","","expansion","","","","","","","","","","","","Button Shy","English","2018","English Sleeve edition"
"Sprawlopolis: Interstate","314089","7","0","0","1","0","0","0","0","0","0","0","3","Kickstarter","","","","","75237131","5.66346","7.03539","1.5","0","3091","thing","Sprawlopolis: Interstate","1","2","20","20","15","2020","2","2","10+","","","","","","","expansion","","","","","","","","","","","","Button Shy","English","2020","English Sleeve edition"
"Sprawlopolis: Points of Interest","262044","0","0","0","1","0","0","0","0","0","0","0","3","","","","","","75237172","5.74416","6.95021","1.5","0","4133","thing","Sprawlopolis: Points of Interest","1","4","20","20","15","2018","1,2","1","10+","","","","","","","expansion","","","","","","","","","","","","Button Shy","English","2018","English Sleeve edition"
"Sprawlopolis: Wrecktar","262043","0","0","0","1","0","0","0","0","0","0","0","3","","","","","","75237160","5.71701","6.74148","1.5","0","4736","thing","Sprawlopolis: Wrecktar","1","4","20","20","15","2018","1,2","1","8+","","","","","","","expansion","","","","","","","","","","","","Button Shy","English","2018","English Sleeve edition"
"St Patrick","347146","0","7","0","1","0","0","0","0","0","0","0","3","","","","","","103890108","5.71913","6.78962","1.25","5961","1060","thing","St Patrick","3","4","40","40","20","2022","3,4","4","12+","No necessary in-game text","","","","","","standalone","","","","","","","","","","","","Matagot","English; French","2022","English/French edition"
"Star Wars: Bordure Extérieure","271896","0","0","0","1","0","0","0","0","0","0","0","1","","","","","","94959952","7.37155","7.75034","2.5975","192","28559","thing","Star Wars: Outer Rim","1","4","180","180","120","2019","1,2,3,4","3","12+","Extensive use of text - massive conversion needed to be playable","","","","","","standalone","","","","","","","","","","","","Fantasy Flight Games","French","2019","French edition"
"Star Wars: Bordure extérieure – Affaires en Suspens","347102","0","0","0","1","0","0","0","0","0","0","0","3","La pioche","","","","","94959941","7.08667","8.56433","2.7778","0","11376","thing","Star Wars: Outer Rim – Unfinished Business","1","4","180","180","120","2022","1,2,3,4","3","12+","Extensive use of text - massive conversion needed to be playable","","","","","","expansion","","","","","","","","","","","","Fantasy Flight Games","French","2022","French edition"
"Star Wars: Rébellion","187645","9","3","0","1","0","0","0","0","0","0","0","1","","","","","","38196331","8.16786","8.42245","3.7531","10","57619","thing","Star Wars: Rebellion","2","4","240","240","180","2016","2","2","12+","Extensive use of text - massive conversion needed to be playable","","","","","","standalone","","","","","","","","","","K2A","2024-09-09","","","",""
"Star Wars: Rébellion – L'Avènement de l'Empire","226840","0","0","0","1","0","0","0","0","0","0","0","1","","","","","","54243063","7.75837","8.86431","3.6887","0","20693","thing","Star Wars: Rebellion – Rise of the Empire","2","4","240","240","180","2018","2","2","12+","Extensive use of text - massive conversion needed to be playable","","","","","","expansion","","","","","","","","","","BoiteBase","","Fantasy Flight Games","French","2018","French edition"
"Star Wars: Unlimited","387866","9","0","0","1","0","0","0","0","0","0","0","3","","","","","","117240931","6.8897","8.05353","2.3333","631","5330","thing","Star Wars: Unlimited","2","4","20","20","20","2024","2,3,4","2","10+","Extensive use of text - massive conversion needed to be playable","","","","","","standalone","","","","","","","","","","","","","","",""
"Stone Age: The New Huts","38876","0","0","0","1","0","0","0","0","0","0","0","3","","","","","","12896703","5.94094","7.37569","2.2292","0","1681","thing","Stone Age: The New Huts","2","4","60","60","60","2008","2,3,4","4","10+","No necessary in-game text","","","","","","expansion","","","","","","","","","","","","","","",""
"Strike","123570","0","8","0","1","0","0","0","0","0","0","0","1","","","","","","43654458","6.51853","6.99189","1.0231","1284","8696","thing","Strike","2","5","15","15","15","2012","2,3,4,5","4,5","6+","No necessary in-game text","","","","","","standalone","","","","","","","","","","A2","2021-07-11","","","",""
"Stroganov","323156","7.5","0","0","1","0","0","0","0","0","0","0","3","Kickstarter","","","","","79558497","6.38988","7.27672","3.3388","1618","5037","thing","Stroganov","1","4","90","90","90","2021","1,2,3,4","3","12+","No necessary in-game text","","","","","","standalone","","","","","","","","","","","","","","",""
"Stroganov: Turukhan","387401","0","0","0","1","0","0","0","0","0","0","0","3","Kickstarter","","","","","108652396","5.56071","8.24278","3.3333","0","590","thing","Stroganov: Turukhan","1","4","120","120","60","2024","4","4","","No necessary in-game text","","","","","","expansion","","","","","","","","","","","","Game Brewer","English","2024","English edition"
"Stronghold: Heroes","85945","0","0","0","1","0","0","0","0","0","0","0","3","","","","","","13096444","5.55915","6.80435","3.25","0","870","thing","Stronghold: Heroes","2","4","120","120","120","2010","","","16+","No necessary in-game text","","","","","","expansion","","","","","","","","","Mat","","","","","",""
"Stupor Mundi: Master Print Edition","441628","8.5","0","0","1","0","0","0","0","0","0","0","3","","Another very good game from Quined Games, maybe not as deep as Carnegie, but a very well put game with some nice decision space.","","","","131813571","5.82136","8.08201","3.4762","0","939","thing","Stupor Mundi: Master Print Edition","1","4","150","150","90","2025","1,2,3,4","2,4","12+","No necessary in-game text","","","","","","standalone","","","","","","","","","","","","Quined Games","French","2025","French baron edition"
"Sub Terra","204472","8","0","0","1","0","0","0","0","0","0","0","3","","","","","","92552056","6.78027","7.36268","2.131","784","10214","thing","Sub Terra","1","6","60","60","60","2019","1,2,3,4,5,6","4","8+","Some necessary text - easily memorized or small crib sheet","","","","","","standalone","","","","","","","","","","","","Nuts! Publishing","French","2019","French edition"
"Suburbia","123260","8","1","0","1","0","0","0","0","0","0","0","3","","","","","","17082000","7.27607","7.45357","2.7559","251","31512","thing","Suburbia","1","4","90","90","60","2022","1,2,3,4","3","10+","Moderate in-game text - needs crib sheet or paste ups","","","","","","standalone","","","","","","","","","","DESK","2024-09-12","Lucky Duck Games","French","2022","French second edition"
"Suburbia: Con Tiles","176806","0","0","0","1","0","0","0","0","0","0","0","3","","","","","","50802754","5.59126","6.77176","3","0","1155","thing","Suburbia: Con Tiles","1","4","90","90","45","2015","1,2,3,4","3","8+","Some necessary text - easily memorized or small crib sheet","","","","","","expansion","","","","","","","","","","","","Bézier Games","English","2015","English edition"
"Sunrise Lane","394334","7","1","0","1","0","0","0","0","0","0","0","3","BGBliss","","","","","108649021","6.06496","7.01113","1.4412","2840","2778","thing","Sunrise Lane","2","4","45","45","45","2023","2,3,4","3,4","8+","No necessary in-game text","","","","","","standalone","","","","","","","","","","","","Horrible Guild","English","2023","English edition"
"Super Mega Lucky Box","341530","0","0","0","1","0","0","0","0","0","0","0","3","","","","","","139828662","6.47598","6.9696","1.2593","1382","6995","thing","Super Mega Lucky Box","1","6","20","20","20","2022","2,3,4,5,6","4,5","8+","No necessary in-game text","","","","","","standalone","","","","","","","","","","","","Cocktail Games","French","2022","French edition"
"Survive: Escape from Atlantis! – 5-6 Player Mini Expansion","96323","0","0","0","1","0","0","0","0","0","0","0","3","","","","","","18720516","6.3009","7.4004","1.5645","0","6403","thing","Survive: Escape from Atlantis! – 5-6 Player Mini Expansion","2","6","45","45","45","2013","3,4,5,6","6","8+","No necessary in-game text","","","","","","expansion","","","","","","","","","","","","Stronghold Games","English","2013","English 30th anniversary edition"
"Survive: Escape from Atlantis! – Dolphins & Dive Dice Mini Expansion","138745","0","0","0","1","0","0","0","0","0","0","0","3","","","","","","18720534","5.99718","7.19816","1.6429","0","4264","thing","Survive: Escape from Atlantis! – Dolphins & Dive Dice Mini Expansion","2","4","60","60","60","2013","2,3,4","3,4","8+","No necessary in-game text","","","","","","expansion","","","","","","","","","","","","Stronghold Games","English","2013","English 30th anniversary edition"
"Survive: Escape from Atlantis! – The Giant Squid Mini Expansion","85990","0","0","0","1","0","0","0","0","0","0","0","3","","","","","","18720522","6.13797","7.08824","1.4839","0","6251","thing","Survive: Escape from Atlantis! – The Giant Squid Mini Expansion","2","4","60","60","60","2013","2,3,4","4","8+","No necessary in-game text","","","","","","expansion","","","","","","","","","","","","Stronghold Games","English","2013","English 30th anniversary edition"
"Sushi Go!","133473","0","5","0","1","0","0","0","0","0","0","0","3","","","","","","103896859","6.86861","6.98128","1.1642","660","98440","thing","Sushi Go!","2","5","15","15","15","2015","3,4,5","4","6+","No necessary in-game text","","","","","","standalone","","","","","","","","","","","","Cocktail Games","French","2015","French first edition"
"Sweet Lands","425445","0","0","0","1","0","0","0","0","0","0","0","3","","","","","","132008841","6.52234","8.17283","4.1604","1274","3275","thing","Sweet Lands","1","4","200","200","100","2025","1,2,3","2","14+","No necessary in-game text","","","","","","standalone","","","","","","","","","","","","uchibacoya","English; Japanese","2025","English/Japanese edition"
"Sweet Mess: Pastry Competition","376363","0","0","0","1","0","0","0","0","0","0","0","3","Gamefound/ Pledge manager de Uncounscious Mind Gamefound","","","","","103808908","5.76141","7.04183","2.8095","5290","1693","thing","Sweet Mess: Pastry Competition","1","4","90","90","45","2024","2,3,4","2","10+","No necessary in-game text","","","","","","standalone","","","","","","","","","","","","Fantasia Games; PIKA Games","English","2024","English edition"
"Switch & Signal","317311","7","0","0","1","0","0","0","0","0","0","0","3","","","","","","93387739","6.23067","7.08576","2.0909","2119","4081","thing","Switch & Signal","2","4","45","45","45","2022","1,2,3,4","2","8+","No necessary in-game text","","","","","","standalone","","","","","","","","","","A7","2022-06-05","KOSMOS","English","2022","English edition"
"Tabriz","349369","0","0","0","1","0","0","0","0","0","0","0","1","Gamefound","","","","","99133881","5.84705","7.23764","2","4331","1639","thing","Tabriz","1","5","60","60","30","2025","1,2,3,4","3","10+","Some necessary text - easily memorized or small crib sheet","","","","","","standalone","","","","","","","","","","","","","","",""
"Take Time","440540","0","0","0","1","0","0","0","0","0","0","0","3","","","","","","139247233","6.87442","7.74355","1.7755","646","9051","thing","Take Time","2","4","30","30","30","2025","2,3,4","3,4","10+","No necessary in-game text","","","","","","standalone","","","","","","","","","","","","Libellud","English; French","2025","French/English edition"
"Takenoko","70919","7.5","7","0","1","0","0","0","0","0","0","0","4","","","","","","14092099","7.05676","7.19737","1.9743","441","77934","thing","Takenoko","2","4","45","45","45","2011","2,3,4","3","8+","No necessary in-game text","","","","","","standalone","","","","","","","","","","A5","2024-09-17","","","",""
"Takenoko: Chibis","174095","0","0","0","1","0","0","0","0","0","0","0","3","","","","","","29827910","6.76795","7.51775","1.8837","0","18452","thing","Takenoko: Chibis","2","4","45","0","45","2015","2,3,4","3,4","8+","No necessary in-game text","","","","","","expansion","","","","","","","","","","A2","","Bombyx","French","2015","French first edition"
"Tara: Ireland's Royal Board Game","19665","0","5","0","1","0","0","0","0","0","0","0","3","","","","","","104107662","5.57696","6.19474","2.0741","10791","964","thing","Tara: Ireland's Royal Board Game","2","2","30","30","20","2006","2","2","8+","No necessary in-game text","","","","","","standalone","","","","","","","","","","","","ABACUSSPIELE; Gigamic; Tailten Games","Dutch; English; French; German; Italian; Spanish","2006","Second edition"
"Targi","118048","8","9","0","1","0","0","0","0","0","0","0","1","","","","","","24170940","7.40126","7.5879","2.3428","175","44233","thing","Targi","2","2","60","60","60","2012","2","2","10+","Moderate in-game text - needs crib sheet or paste ups","","","","","","standalone","","","","","","","","","","A2","2024-09-12","","","",""
"Targui: l'extension","202453","0","0","0","1","0","0","0","0","0","0","0","1","Philibert","","","","","119494943","6.60342","8.08622","2.5946","0","9926","thing","Targi: The Expansion","2","2","60","60","60","2016","2","2","10+","Moderate in-game text - needs crib sheet or paste ups","","","","","","expansion","","","","","","","","","","","","","","",""
"Tea Garden","422042","0","0","0","1","0","0","0","0","0","0","0","3","","","","","","122117659","6.3539","7.56423","3.0625","1701","3608","thing","Tea Garden","2","4","120","120","90","2025","2,3,4","3","12+","No necessary in-game text","","","","","","standalone","","","","","","","","","","","","Albi; Capstone Games","English","2025","Capstone Games English edition"
"Tekhenu: Obelisk of the Sun","297030","8","0","0","1","0","0","0","0","0","0","0","3","BoardGameBliss","","","","","67197556","7.06174","7.65896","4.068","434","12422","thing","Tekhenu: Obelisk of the Sun","1","4","120","120","60","2020","1,2,3,4","3","14+","Some necessary text - easily memorized or small crib sheet","","","","","","standalone","","","","","","","","","","B4","2024-09-17","Board&Dice","English","2020","English edition"
"Telestrations","46213","0","0","0","1","0","0","0","0","0","0","0","3","","","","","","65320060","7.14561","7.37692","1.0697","350","32443","thing","Telestrations","4","8","30","30","30","2017","5,6,7,8","8","8+","Extensive use of text - massive conversion needed to be playable","","","","","","standalone","","","","","","","","","","","","Randolph","French","2017","French Quebecoise edition"
"TEN","335609","8","1","0","1","0","0","0","0","0","0","0","3","La Pioche","","","","","82248439","6.39565","6.99617","1.4405","1598","7499","thing","TEN","1","5","30","30","15","2021","2,3,4,5","4","10+","No necessary in-game text","","","","","","standalone","","","","","","","","","","P1","","Alderac Entertainment Group","English","2021","English edition"
"Tenby","407233","0","0","0","1","0","0","0","0","0","0","0","3","","","","","","144740903","6.14851","7.67901","2.1515","2438","2528","thing","Tenby","1","5","60","60","30","2025","1,2,3,4","3","10+","No necessary in-game text","","","","","","standalone","","","","","","","","","","","","Cosy Cub Games; Mighty Boards","English","2025","English retail edition"
"Teotihuacan: City of Gods","229853","9","4","0","1","0","0","0","0","0","0","0","2","","","","","","48103050","7.56236","7.8331","3.7811","110","28927","thing","Teotihuacan: City of Gods","1","4","120","120","90","2018","1,2,3,4","4","14+","No necessary in-game text","","","","","","standalone","","","","","","","","","","B4","2024-09-09","","","",""
"Teotihuacan: Dice Settlers Promo","262936","0","0","0","1","0","0","0","0","0","0","0","1","","","","","","56271622","5.62665","7.50272","4","0","1503","thing","Teotihuacan: Dice Settlers Promo","1","4","120","120","90","2018","","","","No necessary in-game text","","","","","","expansion","","","","","","","","","","","","","","",""
"Teotihuacan: Expansion Period","316777","0","0","0","1","0","0","0","0","0","0","0","1","BoardGameBliss","","","","","82563428","6.0629","8.19124","3.875","0","4526","thing","Teotihuacan: Expansion Period","1","4","120","120","90","2021","3,4","3,4","12+","Some necessary text - easily memorized or small crib sheet","","","","","","expansion","","","","","","","","","","","","","","",""
"Teotihuacan: Late Preclassic Period","270364","0","0","0","1","0","0","0","0","0","0","0","3","","","","","","58739219","6.6414","8.16769","3.8704","0","8473","thing","Teotihuacan: Late Preclassic Period","1","4","120","120","90","2019","1,2,3,4","4","12+","Some necessary text - easily memorized or small crib sheet","","","","","","expansion","","","","","","","","","","","","","","",""
"Teotihuacan: Shadow of Xitle","293473","0","0","0","1","0","0","0","0","0","0","0","1","BoardGameBliss","","","","","80319842","6.27895","8.09807","3.5455","0","5853","thing","Teotihuacan: Shadow of Xitle","1","4","120","120","90","2020","1,2,3,4","3,4","12+","No necessary in-game text","","","","","","expansion","","","","","","","","","","","","","","",""
"Terraforming Mars: Expédition Arès","328871","8","1","0","1","0","0","0","0","0","0","0","3","","","","","","94159536","7.37042","7.63254","2.9243","194","40218","thing","Terraforming Mars: Ares Expedition","1","4","60","60","45","2022","1,2,3,4","3","12+","Moderate in-game text - needs crib sheet or paste ups","","","","","","standalone","","","","","","","","","","C1-B","2024-09-12","Intrafin Games","French","2022","French edition"
"Terraforming Mars: The Dice Game – Promos","380939","0","0","0","1","0","0","0","0","0","0","0","3","","","","","","110126138","5.60081","7.58244","2.2","0","1271","thing","Terraforming Mars: The Dice Game – Promos","1","4","45","45","45","2023","2,3,4","3","10+","Some necessary text - easily memorized or small crib sheet","","","","","","expansion","","","","","","","","","","","","FryxGames; Stronghold Games","English","2023","English edition"
"Terres d'Arle","159675","8","0","0","1","0","0","0","0","0","0","0","3","","","","","","53206192","7.59128","8.02214","3.847","103","19082","thing","Fields of Arle","1","2","120","120","60","2014","1,2","2","12+","Some necessary text - easily memorized or small crib sheet","","","","","","standalone","","","","","","","","","","B3","2022-02-13","Filosofia Éditions","French","2014","French first edition"
"That's Pretty Clever!","244522","0","22","0","1","0","0","0","0","0","0","0","1","","","","","","53901585","7.35998","7.54898","1.8508","206","46966","thing","That's Pretty Clever!","1","4","30","30","30","2018","1,2,3,4","2","8+","No necessary in-game text","","","","","","standalone","","","","","","","","","","","","","","",""
"The Island","2653","6","12","0","1","0","0","0","0","0","0","0","3","","","","","","17959047","7.10921","7.3063","1.693","379","41724","thing","Survive: Escape from Atlantis!","2","4","60","60","45","2012","3,4","4","8+","No necessary in-game text","","","","","","standalone","","","","","","","","","","ML","2024-09-17","asmodee; Stronghold Games","French","2012","Asmodee French edition"
"Thebes","30869","0","0","0","1","0","0","0","0","0","0","0","3","","","","","","13584884","6.79609","7.11794","2.1532","761","12559","thing","Thebes","2","4","60","60","60","2007","2,3,4","3,4","8+","No necessary in-game text","","","","","","standalone","","","","","","","","","","B6","2021-07-11","","","",""
"Thebes: The Tomb Raiders","114387","0","0","0","1","0","0","0","0","0","0","0","1","","","","","","27015298","5.88801","6.84609","2.0189","3980","1779","thing","Thebes: The Tomb Raiders","2","4","30","30","30","2013","2,3,4","4","10+","No necessary in-game text","","","","","","standalone","","","","","","","","","","","","","","",""
"Tholos","341753","0","1","0","1","0","0","0","0","0","0","0","3","","","","","","124683883","5.76592","7.23281","1.8182","5224","824","thing","Tholos","2","2","25","25","15","2021","2","2","8+","No necessary in-game text","","","","","","standalone","","","","","","","","","","","","","","",""
"Through the Desert","503","0","0","0","1","0","0","0","0","0","0","0","3","","","","","","115822314","6.97074","7.19008","2.1626","532","21114","thing","Through the Desert","2","5","45","45","45","2024","2,3,4,5","3","8+","No necessary in-game text","","","","","","standalone","","","","","","","","","","","","Allplay","English","2024","English edition 2024"
"Through the Desert: Bazaar","399973","0","0","0","1","0","0","0","0","0","0","0","3","","","","","","115822315","5.59279","7.31063","2.3333","0","1679","thing","Through the Desert: Bazaar","2","5","45","45","45","2024","2,3,4,5","3","8+","Some necessary text - easily memorized or small crib sheet","","","","","","expansion","","","","","","","","","","","","Allplay","English","2024","English edition"
"Thunder Road: Vendetta – Maximum Chrome","355997","0","0","0","1","0","0","0","0","0","0","0","3","GamesOn Tabletop","","","","","121214461","7.10889","8.68297","2.25","0","7334","thing","Thunder Road: Vendetta – Maximum Chrome","2","5","75","75","45","2023","3,4,5","4","8+","Some necessary text - easily memorized or small crib sheet","","","","","","standalone","","","","","","","","","","","","Restoration Games","English","2023","English edition"
"Thurn and Taxis: All Roads Lead to Rome","33261","0","0","0","1","0","0","0","0","0","0","0","3","","","","","","15335694","5.74254","6.43799","2.129","0","3083","thing","Thurn and Taxis: All Roads Lead to Rome","2","4","60","60","60","2008","2,3,4","3","8+","No necessary in-game text","","","","","","expansion","","","","","","","","","","","","Rio Grande Games","English","2008","English edition"
"Thurn and Taxis: Power and Glory","27690","0","0","0","1","0","0","0","0","0","0","0","1","","","","","","15335696","6.30895","7.17724","2.3105","0","5385","thing","Thurn and Taxis: Power and Glory","2","4","60","60","60","2007","2,3,4","4","10+","No necessary in-game text","","","","","","expansion","","","","","","","","","","","","","","",""
"Thurn et Taxis : l'aventure postale","21790","0","9","0","1","0","0","0","0","0","0","0","3","","Découverte pour un jeux familial, très bien pensée et comparable aux Aventuriers du Rail. J'adore!","","","","13704194","6.90863","7.09288","2.2562","608","24516","thing","Thurn and Taxis","2","4","60","60","60","2006","2,3,4","3,4","10+","No necessary in-game text","","","","","","standalone","","","","","","","","","","","","Hans im Glück; Schmidt Spiele","French","2006","French edition"
"Thurn und Taxis: Der Kurier der Fürstin","25293","0","0","0","1","0","0","0","0","0","0","0","1","","","","","","15335935","5.69179","6.76818","1.9111","0","1443","thing","Thurn und Taxis: Der Kurier der Fürstin","2","4","45","45","45","2006","2,3,4","3,4","8+","No necessary in-game text","","","","","","expansion","","","","","","","","","","","","W. Nostheide Verlag GmbH","German","2006","German edition"
"Ticket to Ride Map Collection 3: The Heart of Africa","131188","0","0","0","1","0","0","0","0","0","0","0","3","","","","","","16882186","6.59203","7.3609","2.0442","0","11198","thing","Ticket to Ride Map Collection 3: The Heart of Africa","2","5","60","60","30","2012","2,3,4,5","4","8+","No necessary in-game text","","","","","","expansion","","","","","","","","","","","","","","",""
"Ticket to Ride Map Collection 5: United Kingdom & Pennsylvania","182078","0","1","0","1","0","0","0","0","0","0","0","3","","","","","","29827904","7.27342","7.98438","2.3086","0","17388","thing","Ticket to Ride Map Collection 5: United Kingdom & Pennsylvania","2","5","75","75","30","2015","2,3,4,5","4","10+","No necessary in-game text","","","","","","expansion","","","","","","","","","","","","","","",""
"Ticket to Ride Map Collection 6: France & Old West","233891","0","0","0","1","0","0","0","0","0","0","0","1","","","","","","49117617","6.50021","7.5802","2.2143","0","8014","thing","Ticket to Ride Map Collection 6: France & Old West","2","6","90","90","60","2017","3,4,5,6","4,5","10+","Some necessary text - easily memorized or small crib sheet","","","","","","expansion","","","","","","","","","","","","","","",""
"Ticket to Ride: New York","253284","7","7","0","1","0","0","0","0","0","0","0","1","","","","","","51700096","6.52514","6.8805","1.2667","1265","18109","thing","Ticket to Ride: New York","2","4","15","15","10","2018","2,3,4","3","6+","No necessary in-game text","","","","","","standalone","","","","","","","","","","MÉLIANE","","","","",""
"Tikal","54","7.5","3","0","1","0","0","0","0","0","0","0","3","","","","","","11656698","7.10747","7.31693","2.7775","384","29413","thing","Tikal","2","4","90","90","90","2016","2,3,4","4","10+","No necessary in-game text","","","","","","standalone","","","","","","","","","","","","Super Meeple","French","2016","Super Meeple French edition"
"Tiletum","351913","9","0","0","1","0","0","0","0","0","0","0","3","","","","","","96618771","7.2205","7.85423","3.3889","285","10654","thing","Tiletum","1","4","100","100","60","2022","1,2,3","2,3","14+","No necessary in-game text","","","","","","standalone","","","","","","","","","","B4","2024-09-17","Board&Dice; Pixie Games","French","2022","French edition"
"Tiletum: La Ruée Vers l'Argent","434042","0","0","0","1","0","0","0","0","0","0","0","3","","","","","","134140159","5.74719","8.28077","3.8421","0","1475","thing","Tiletum: Prospect for Silver","1","4","100","100","60","2025","1,2,3","3","14+","No necessary in-game text","","","","","","expansion","","","","","","","","","","","","Pixie Games","French","2025","French edition"
"Timeline Twist","379290","6.5","0","0","1","0","0","0","0","0","0","0","1","","","","","","111702487","5.6018","6.07112","1.3","9327","985","thing","Timeline Twist","2","6","30","30","20","2023","2,3,4,5","3","10+","Some necessary text - easily memorized or small crib sheet","","","","","","standalone","","","","","","","","","","","","Zygomatic","French","2023","French edition"
"Timeline Twist: Pop Culture","379554","6.5","0","0","1","0","0","0","0","0","0","0","1","","","","","","111702472","5.5669","6.46363","1","11614","602","thing","Timeline Twist: Pop Culture","2","6","30","30","20","2023","2,3,5","2","","Some necessary text - easily memorized or small crib sheet","","","","","","standalone","","","","","","","","","","","","","","",""
"Tipperary","378983","6.8","9","0","1","0","0","0","0","0","0","0","3","BGBliss","","","","","108892314","6.03795","7.21839","1.8966","2981","1331","thing","Tipperary","2","5","45","45","45","2023","1,2,3,4,5","2,3","8+","No necessary in-game text","","","","","","standalone","","","","","","","","","","","","Lookout Games","English; German","2023","English/ German edition"
"Tír na nÓg","343433","8","0","0","1","0","0","0","0","0","0","0","3","Gamefound","","","","","102056053","6.05987","7.34422","2.2","2870","2036","thing","Tír na nÓg","1","5","45","45","30","2024","1,2,3,4,5","1,3","8+","Moderate in-game text - needs crib sheet or paste ups","","","","","","standalone","","","","","","","","","","","","Grand Gamers Guild","English","2024","English first edition"
"Tír na nÓg: Blessings & Burdens","428544","0","0","0","1","0","0","0","0","0","0","0","3","","","","","","132008650","0","8.24815","0","0","572","thing","Tír na nÓg: Blessings & Burdens","1","5","45","45","20","2025","","","","","","","","","","expansion","","","","","","","","","","","","Grand Gamers Guild","English","2025","English edition"
"Tír na nÓg: Subplot Expansion","413086","0","0","0","1","0","0","0","0","0","0","0","3","","","","","","132008669","0","7.76429","0","0","317","thing","Tír na nÓg: Subplot Expansion","1","5","45","45","30","2024","","","","","","","","","","expansion","","","","","","","","","","","","Grand Gamers Guild","English","2024","English edition"
"Tír na nÓg: Tower Promo Cards","415918","0","0","0","1","0","0","0","0","0","0","0","3","","","","","","132008665","0","7.92308","0","0","243","thing","Tír na nÓg: Tower Promo Cards","1","5","45","45","30","2024","","","","","","","","","","expansion","","","","","","","","","","","","Grand Gamers Guild","English","2024","English edition"
"Tobago","42215","7.5","4","0","1","0","0","0","0","0","0","0","3","","","","","","12849937","6.83114","7.09562","2.1359","718","15253","thing","Tobago","2","4","60","60","60","2009","2,3,4","4","8+","No necessary in-game text","","","","","","standalone","","","","","","","","","","A6","2021-07-11","","","",""
"Tobago: Volcano","319398","0","0","0","1","0","0","0","0","0","0","0","3","BoardGameBliss","","","","","74549418","5.73513","7.51057","2","0","1832","thing","Tobago: Volcano","2","4","45","45","45","2020","3,4","4","","No necessary in-game text","","","","","","expansion","","","","","","","","","","","","Zoch Verlag","English; French; German","2020","Multilingual edition"
"Tokaido","123540","0","7","0","1","0","0","0","0","0","0","0","3","","","","","","15808344","6.73859","6.90989","1.7424","850","44889","thing","Tokaido","1","5","45","45","45","2012","2,3,4,5","4","8+","No necessary in-game text","","","","","","standalone","","","","","","","","","","","","Funforge","French","2012","French first edition"
"Tokaido: Crossroads","144384","0","0","0","1","0","0","0","0","0","0","0","3","","","","","","48103910","6.49734","7.47166","1.8851","0","8884","thing","Tokaido: Crossroads","2","5","45","45","45","2013","2,3,4,5","4","8+","Some necessary text - easily memorized or small crib sheet","","","","","","expansion","","","","","","","","","","","","","","",""
"Tolleno","434131","0","0","0","1","0","0","0","0","0","0","0","3","","","","","","136610373","5.52799","6.03947","2","17172","220","thing","Tolleno","2","4","48","48","24","2025","2,3,4","2","8+","","","","","","","standalone","","","","","","","","","","","","Sit Down!","Dutch; English; French; German","2025","DUT/ENG/FRE/GER edition"
"Tombouctou","691","0","5","0","1","0","0","0","0","0","0","0","3","","","","","","11656915","5.99818","6.63579","2.7802","3197","2435","thing","Timbuktu","3","5","60","60","60","2005","3,4,5","5","10+","No necessary in-game text","","","","","","standalone","","","","","","","","","","A1","2021-07-11","Queen Games","English; French; German; Spanish","2005","Queen multilingual edition"
"Les Tours Ambulantes","355483","0","0","0","1","0","0","0","0","0","0","0","1","","","","","","116216161","6.82602","7.32767","1.5816","723","12744","thing","Wandering Towers","1","6","30","30","30","2022","3,4,5,6","4,5","6+","No necessary in-game text","","","","","","standalone","","","","","","","","","","","","Oya","French","2022","French edition"
"Trails of Tucana","283864","8","19","0","1","0","0","0","0","0","0","0","3","BoardGameBliss","We like this one a lot!","","","","70861138","6.77173","7.3577","1.2721","802","8672","thing","Trails of Tucana","1","8","15","15","15","2019","1,2,3,4,5,6,7,8","3,4,5","8+","No necessary in-game text","","","","","","standalone","","","","","","","","","","A2","2021-07-11","Aporta Games","English","2019","English edition"
"Trails of Tucana: Ferry","340679","0","0","0","1","0","0","0","0","0","0","0","3","","","","","","111288445","5.71897","7.51201","2.25","0","1298","thing","Trails of Tucana: Ferry","1","8","0","0","0","2021","1,2,3,4,5,6,7,8","2,3,4,5,6","8+","No necessary in-game text","","","","","","expansion","","","","","","","","","","","","Aporta Games","English","2021","English edition"
"Trains","121408","7","0","0","1","0","0","0","0","0","0","0","1","","","","","","27569430","6.75719","7.11419","2.3798","820","10879","thing","Trains","2","4","45","45","45","2014","2,3,4","3","10+","Moderate in-game text - needs crib sheet or paste ups","","","","","","standalone","","","","","","","","","","A7","2021-07-11","Filosofia Éditions","French","2014","French edition"
"Trains: Map Pack 1 – Germany/Northeastern USA","131324","0","0","0","1","0","0","0","0","0","0","0","1","","","","","","27569452","5.7056","7.37768","2.3636","0","1506","thing","Trains: Map Pack 1 – Germany/Northeastern USA","2","4","45","45","45","2012","2,3,4","4","10+","No necessary in-game text","","","","","","expansion","","","","","","","","","","","","","","",""
"Trains: Map Pack 2 – Europe/Italy/California","174499","0","0","0","1","0","0","0","0","0","0","0","1","","","","","","27569465","5.63078","7.57124","2.5","0","879","thing","Trains: Map Pack 2 – Europe/Italy/California","2","4","45","0","45","2015","2,3,4","2","8+","Extensive use of text - massive conversion needed to be playable","","","","","","expansion","","","","","","","","","","","","","","",""
"Trajan","102680","8.5","0","0","1","0","0","0","0","0","0","0","3","","","","","","14550166","7.46375","7.74237","3.6269","149","22380","thing","Trajan","2","4","120","120","60","2011","2,3,4","4","12+","No necessary in-game text","","","","","","standalone","","","","","","","","","","B3","2024-09-12","","","",""
"Les Tribus du Vent","362986","0","0","0","1","0","0","0","0","0","0","0","3","","","","","","105595739","6.54666","7.31007","2.6541","1208","6895","thing","Tribes of the Wind","2","5","90","90","40","2022","2,3,4","3","10+","No necessary in-game text","","","","","","standalone","","","","","","","","","","","","La Boîte de Jeu","French","2022","French edition"
"Trickerion: Arcane Arts","441341","0","0","0","1","0","0","0","0","0","0","0","3","","","","","","138965443","5.60661","8.14028","4.4","0","1707","thing","Trickerion: Arcane Arts","1","4","180","180","60","2025","2,3,4","3,4","16+","Moderate in-game text - needs crib sheet or paste ups","","","","","","expansion","","","","","","","","","","","","Mindclash Games","English","2025","English edition"
"Trickerion: Collector's Edition","255668","9","1","0","1","0","0","0","0","0","0","0","3","Kickstarter","","","","","56287512","7.29064","8.72534","4.4834","0","7639","thing","Trickerion: Collector's Edition","1","4","180","180","60","2019","1,2,3,4","3,4","14+","Moderate in-game text - needs crib sheet or paste ups","","","","","","standalone","","","","","","","","","","C2","","","","",""
"Trickerion: Dahlgaard's Academy","244358","0","0","0","1","0","0","0","0","0","0","0","3","Kickstarter Juillet 2019","","","","","49063155","6.24012","8.52648","4.7042","0","4753","thing","Trickerion: Dahlgaard's Academy","1","4","180","180","60","2019","1,2,3,4","3","14+","No necessary in-game text","","","","","","expansion","","","","","","","","","","","","","","",""
"Trickerion: The Secret Workshop","266238","0","0","0","1","0","0","0","0","0","0","0","3","","","","","","56287498","5.60293","7.87477","3.75","0","1244","thing","Trickerion: The Secret Workshop","1","4","180","180","30","2018","2,3,4","3","14+","No necessary in-game text","","","","","","expansion","","","","","","","","","","","","","","",""
"Trio","352515","0","0","0","1","0","0","0","0","0","0","0","3","","","","","","117785840","7.01414","7.38589","1.0754","490","25062","thing","Trio","3","6","15","15","15","2023","3,4,5,6","4,5","6+","No necessary in-game text","","","","","","standalone","","","","","","","","","","","","Cocktail Games","French","2023","French edition"
"Trismegistus: L'Ultime Formule","281442","8","0","0","1","0","0","0","0","0","0","0","1","La Revanche","","","","","61049368","6.71446","7.54527","4.188","887","6225","thing","Trismegistus: The Ultimate Formula","1","4","120","120","90","2019","1,2,3","2","14+","No necessary in-game text","","","","","","standalone","","","","","","","","","","B4","","Pixie Games","French","2019","French edition"
"Troyes","73439","8.5","5","0","1","0","0","0","0","0","0","0","1","","","","","","15069387","7.48814","7.70247","3.3735","141","28988","thing","Troyes","1","4","90","90","90","2010","2,3,4","3","12+","No necessary in-game text","","","","","","standalone","","","","","","","","","","","","","","",""
"Troyes Dice","284584","8","1","0","1","0","0","0","0","0","0","0","3","","","","","","75581868","6.29938","6.97444","2.284","1878","5242","thing","Troyes Dice","1","10","30","30","20","2020","1,2,3,4,5","1,2","10+","No necessary in-game text","","","","","","standalone","","","","","","","","","","A2","2021-07-11","Pearl Games","English; French","2020","English/French edition"
"Troyes: Bonus Cards","94284","0","0","0","1","0","0","0","0","0","0","0","1","","","","","","15069390","6.05958","7.60131","3.2083","0","3354","thing","Troyes: Bonus Cards","2","4","90","90","90","2011","2,3,4","3","14+","No necessary in-game text","","","","","","expansion","","","","","","","","","","","","","","",""
"TTMC?: Tu te mets combien?","262341","0","0","0","1","0","0","0","0","0","0","0","1","Imaginaire","","","","","66262740","5.98541","7.07081","1.1429","3278","2502","thing","TTMC?: Tu te mets combien?","2","16","97","97","42","2016","3,4,5,6,7,8,9","6","14+","Extensive use of text - massive conversion needed to be playable","","","","","","standalone","","","","","","","","","","Guillaume","","","","",""
"Tudor: Bonus Cards","269302","0","0","0","1","0","0","0","0","0","0","0","3","","","","","","58348738","0","7.61304","0","0","304","thing","Tudor: Bonus Cards","2","4","120","120","90","2018","","","","","","","","","","expansion","","","","","","","","","","","","","","",""
"Turing Machine","356123","7.5","2","0","1","0","0","0","0","0","0","0","3","","","","","","100028577","7.17821","7.60471","2.5362","322","19818","thing","Turing Machine","1","4","20","20","20","2022","1,2,3,4","1","12+","Some necessary text - easily memorized or small crib sheet","","","","","","standalone","","","","","","","","","","D13","2024-09-17","Scorpion Masqué","French","2022","French edition"
"Tussie Mussie","257614","0","0","0","1","0","0","0","0","0","0","0","3","Kickstarter","","","","","62788042","6.4443","6.8921","1.1507","1461","12579","thing","Tussie Mussie","2","4","30","30","20","2019","1,2,3,4","2","8+","Moderate in-game text - needs crib sheet or paste ups","","","","","","standalone","","","","","","","","","","","","Button Shy","English","2019","English Wallet edition"
"Twice as Clever!","269210","8","1","0","1","0","0","0","0","0","0","0","3","","","","","","58287000","7.03067","7.41334","2.2718","466","19680","thing","Twice as Clever!","1","4","30","30","30","2019","1,2,3,4","2","10+","No necessary in-game text","","","","","","standalone","","","","","","","","","","","","","","",""
"Tzolk'in : le calendrier maya","126163","9","1","0","1","0","0","0","0","0","0","0","1","","","","","","16145147","7.68214","7.84558","3.6646","74","50565","thing","Tzolk'in: The Mayan Calendar","2","4","90","90","90","2012","2,3,4","4","12+","No necessary in-game text","","","","","","standalone","","","","","","","","","","B4","2024-09-09","IELLO","French","2012","French edition"
"Tzolk'in: The Mayan Calendar – Mini Expansion 1","134380","0","0","0","1","0","0","0","0","0","0","0","3","","","","","","17883063","5.97952","7.55967","3.1724","0","3855","thing","Tzolk'in: The Mayan Calendar – Mini Expansion 1","2","4","90","90","90","2012","2,3,4","2,3","12+","No necessary in-game text","","","","","","expansion","","","","","","","","","","","","","","",""
"Tzolk'in: The Mayan Calendar – Mini Expansion 2","142580","0","0","0","1","0","0","0","0","0","0","0","1","","","","","","20195843","5.94519","7.65789","3.2593","0","3548","thing","Tzolk'in: The Mayan Calendar – Mini Expansion 2","2","4","90","90","90","2013","2,3,4","4","12+","No necessary in-game text","","","","","","expansion","","","","","","","","","","","","","","",""
"Tzolk'in: The Mayan Calendar – Tribes & Prophecies: Ek Chuah","149801","0","0","0","1","0","0","0","0","0","0","0","3","","","","","","41867844","5.83906","7.66098","3.4","0","2672","thing","Tzolk'in: The Mayan Calendar – Tribes & Prophecies: Ek Chuah","2","5","90","90","90","2013","2,3,4,5","4","","Moderate in-game text - needs crib sheet or paste ups","","","","","","expansion","","","","","","","","","","","","","","",""
"Tzolk'in: Tribus et Prophéties","143065","0","0","0","1","0","0","0","0","0","0","0","1","","","","","","20195830","7.17367","8.11514","3.6129","0","14726","thing","Tzolk'in: The Mayan Calendar – Tribes & Prophecies","2","5","90","90","90","2013","2,3,4,5","4","12+","Some necessary text - easily memorized or small crib sheet","","","","","","expansion","","","","","","","","","","","","Czech Games Edition (CGE); IELLO","French","2013","French edition"
"Ulm","191876","0","0","0","1","0","0","0","0","0","0","0","3","La Pioche","","","","","123782738","6.39007","7.00346","2.6957","1617","4719","thing","Ulm","2","4","75","75","45","2016","2,3,4","3","10+","Some necessary text - easily memorized or small crib sheet","","","","","","standalone","","","","","","","","","","","","HUCH!; R&R Games","English; French; German","2016","Multilingual edition"
"Ultimate Railroads","329591","0","0","0","1","0","0","0","0","0","0","0","3","","","","","","78724710","7.22215","8.3569","3.2574","0","7660","thing","Ultimate Railroads","1","4","120","120","90","2022","1,2,3,4","2","12+","No necessary in-game text","","","","","","standalone","","","","","","","","","","","","Z-Man Games","French","2022","French edition"
"Unconscious Mind, la Société du Mercredi: Cauchemars","379330","0","0","0","1","0","0","0","0","0","0","0","3","","","","","","124466155","5.8583","8.1449","4.1111","0","4848","thing","Unconscious Mind: Nightmares","1","4","0","0","0","2024","2,3","2","14+","","","","","","","expansion","","","","","","","","","","","","Fantasia Games; Lucky Duck Games","French","2024","French edition"
"Unconscious Mind: Free Association","424443","0","0","0","1","0","0","0","0","0","0","0","3","","","","","","124466154","5.68884","8.00585","3.3333","0","2937","thing","Unconscious Mind: Free Association","1","4","120","120","60","2024","1,2,3","2","14+","","","","","","","expansion","","","","","","","","","","","","Fantasia Games","English; French; German; Spanish","2024","Multilingual edition"
"Unconscious Mind: La Société du Mercredi","329500","9","0","0","1","0","0","0","0","0","0","0","3","Gamefound VF","","","","","82958974","7.19287","7.8814","4.0191","307","14582","thing","Unconscious Mind","1","4","120","120","60","2024","1,2,3","2,3","14+","No necessary in-game text","","","","","","standalone","","","","","","","","","","","","Fantasia Games; Lucky Duck Games","French","2024","French edition"
"Underwater Cities","247763","8.5","0","0","1","0","0","0","0","0","0","0","3","BoardGameBliss","","","","","54817343","7.77418","8.04109","3.5886","52","30190","thing","Underwater Cities","1","4","150","150","80","2019","1,2,3","2","12+","Moderate in-game text - needs crib sheet or paste ups","","","","","","standalone","","","","","","","","","","A3","2024-09-09","Rio Grande Games","English","2019","Rio Grande English second edition"
"UNO","2223","0","0","0","1","0","0","0","0","0","0","0","3","","","","","","11656926","5.35373","5.48117","1.1","30619","73996","thing","UNO","2","10","30","30","30","1971","3,4,5,6,7,8","4,5,6","5+","No necessary in-game text","","","","","","standalone","","","","","","","","","","Enfants","","","","",""
"The Vale of Eternity","385529","0","1","0","1","0","0","0","0","0","0","0","3","Lilojeux","","","","","113545912","7.14915","7.5918","2.1417","348","15667","thing","The Vale of Eternity","2","4","45","45","30","2023","2,3,4","3","10+","Moderate in-game text - needs crib sheet or paste ups","","","","","","standalone","","","","","","","","","","","","Blackrock Games; Geronimo Games; Mandoo Games","French","2023","French edition"
"Vegetable Stock","328211","8.5","6","0","1","0","0","0","0","0","0","0","3","","","","","","105595713","6.06319","6.70685","1.0488","2852","3650","thing","Vegetable Stock","2","6","20","20","15","2022","2,3,4,5,6","4","6+","No necessary in-game text","","","","","","standalone","","","","","","","","","","","","Good Game Studio","Chinese; English","2022","Chinese/English edition"
"Via Magica","300936","0","13","0","1","0","0","0","0","0","0","0","3","","","","","","84585029","6.06388","6.74805","1.4898","2847","2774","thing","Via Magica","2","6","30","30","30","2020","2,3,4,5,6","3,4","6+","No necessary in-game text","","","","","","standalone","","","","","","","","","","","","Hurrican","French","2020","French edition"
"Viking See-Saw","351810","0","3","0","1","0","0","0","0","0","0","0","3","Kickstarter","","","","","99403070","6.1061","7.13213","1.08","2631","2451","thing","Viking See-Saw","2","4","10","10","10","2023","2,3,4","2","6+","No necessary in-game text","","","","","","standalone","","","","","","","","","","","","itten","English","2023","English edition"
"Village: Customer Expansion","124118","0","0","0","1","0","0","0","0","0","0","0","3","","","","","","17516537","5.80328","7.23959","2.4828","0","2246","thing","Village: Customer Expansion","2","4","90","90","90","2012","2,3,4","3,4","12+","No necessary in-game text","","","","","","expansion","","","","","","","","","","","","","","",""
"Villagers of the Oak Dell","390903","0","0","0","1","0","0","0","0","0","0","0","3","","","","","","111950912","5.60592","7.61563","2","9124","604","thing","Villagers of the Oak Dell","1","100","40","40","20","2023","1,2,3,4","2","10+","No necessary in-game text","","","","","","standalone","","","","","","","","","","","","Two Acorns Games","English; French; German; Polish; Spanish","2023","Print & Play edition"
"Vinhos Deluxe Edition: Expansion Bundle","339951","0","0","0","1","0","0","0","0","0","0","0","3","","","","","","94009450","5.63372","8.19386","3.7143","0","1191","thing","Vinhos Deluxe Edition: Expansion Bundle","1","4","135","135","60","2020","4","3","14","","","","","","","expansion","","","","","","","","","","","","Eagle-Gryphon Games","English","2020","English edition"
"Vinhos: Deluxe Edition","175640","8","0","0","1","0","0","0","0","0","0","0","1","","","","","","107543123","7.44521","8.04983","3.9929","155","13880","thing","Vinhos: Deluxe Edition","1","4","180","180","90","2016","1,2,3,4","4","14+","No necessary in-game text","","","","","","standalone","","","","","","","","","","C5","2024-09-12","","","",""
"Viscounts of the West Kingdom","296151","7.5","0","0","1","0","0","0","0","0","0","0","1","BoardGameBliss","","","","","67368010","7.36692","7.79459","3.4553","196","22959","thing","Viscounts of the West Kingdom","1","4","90","90","60","2020","1,2,3,4","3","12+","No necessary in-game text","","","","","","standalone","","","","","","","","","","A6","2024-09-12","Garphill Games","English","2020","Garphill English edition"
"Viscounts of the West Kingdom: Dice Tower 2022 Pack","372386","0","0","0","1","0","0","0","0","0","0","0","3","","","","","","102025576","5.53337","7.56757","0","0","585","thing","Viscounts of the West Kingdom: Dice Tower 2022 Pack","1","4","90","90","60","2022","","","","","","","","","","expansion","","","","","","","","","","","","Garphill Games","English","2022","English edition"
"Viscounts of the West Kingdom: Gates of Gold","343468","0","0","0","1","0","0","0","0","0","0","0","1","","","","","","90923549","6.00849","8.01924","3.7143","0","4987","thing","Viscounts of the West Kingdom: Gates of Gold","1","4","90","90","60","2022","1,2,3,4","3,4","12+","No necessary in-game text","","","","","","expansion","","","","","","","","","","","","","","",""
"Viscounts of the West Kingdom: Keeper of Keys","343470","0","0","0","1","0","0","0","0","0","0","0","1","","","","","","90923574","6.01672","7.95985","3.6429","0","5020","thing","Viscounts of the West Kingdom: Keeper of Keys","1","4","90","90","60","2022","1,2,3,4","3,4","14+","No necessary in-game text","","","","","","expansion","","","","","","","","","","","","","","",""
"Voyages","350736","7.5","1","0","1","0","0","0","0","0","0","0","3","","","","","","96005096","6.31789","7.37922","1.7812","1809","4784","thing","Voyages","1","100","30","30","20","2021","1,2,3,4,5,6,7,8","1,2,3","10+","No necessary in-game text","","","","","","standalone","","","","","","","","","","","","Postmark Games","Dutch; English; French; Italian; Japanese; Spanish","2021","English edition"
"Voyageurs du Tigre du Sud: Marée Commerciale","427130","0","0","0","1","0","0","0","0","0","0","0","3","","","","","","129176701","5.69143","8.27213","4","0","1623","thing","Wayfarers of the South Tigris: Tides of Trade","1","4","90","90","60","2025","","","","","","","","","","expansion","","","","","","","","","","","","","","",""
"Wandering Towers: Mini Spell Expansion 1","392106","0","0","0","1","0","0","0","0","0","0","0","1","","","","","","116216164","5.58386","7.62716","1.6667","0","1482","thing","Wandering Towers: Mini Spell Expansion 1","2","6","0","0","0","2023","","","","","","","","","","expansion","","","","","","","","","","","","","","",""
"Wandering Towers: Mini Spell Expansion 2","398755","0","0","0","1","0","0","0","0","0","0","0","1","","","","","","116216167","5.55631","7.74444","1.5","0","1132","thing","Wandering Towers: Mini Spell Expansion 2","2","6","30","30","30","2023","","","","","","","","","","expansion","","","","","","","","","","","","","","",""
"Wayfarers of the South Tigris","350316","0","0","0","1","0","0","0","0","0","0","0","3","Kickstarter","","","","","100899873","7.15331","7.77596","3.8037","343","13568","thing","Wayfarers of the South Tigris","1","4","90","90","60","2022","1,2,3","2","14+","No necessary in-game text","","","","","","standalone","","","","","","","","","","A6","2024-09-17","","","",""
"Wayfarers of the South Tigris: Kickstarter Promo Cards","361712","0","0","0","1","0","0","0","0","0","0","0","1","Kickstarter","","","","","104690939","5.65671","7.83235","3.3333","0","1879","thing","Wayfarers of the South Tigris: Kickstarter Promo Cards","1","4","90","90","60","2022","2","2","12+","No necessary in-game text","","","","","","expansion","","","","","","","","","","","","","","",""
"Waypoints","388329","0","0","0","1","0","0","0","0","0","0","0","3","","","","","","108652386","6.02297","7.6406","2.2917","3060","2305","thing","Waypoints","1","100","40","40","20","2023","1,2,3,4,5","1,2","8+","Some necessary text - easily memorized or small crib sheet","","","","","","standalone","","","","","","","","","","","","Postmark Games","English","2023","Print and Play edition"
"Welcome to the Moon","339789","8.5","0","0","1","0","0","0","0","0","0","0","3","JokerPub","","","","","90309068","7.35101","7.85151","2.4521","213","20674","thing","Welcome to the Moon","1","6","30","30","25","2021","1,2,3,4,5,6","2,3,4","10+","No necessary in-game text","","","","","","standalone","","","","","","","","","","E5","2024-09-12","Blue Cocker Games","English; French","2021","French/English edition"
"Welcome To...","233867","0","34","0","1","0","0","0","0","0","0","0","1","","","","","","50310854","7.34924","7.50605","1.8427","214","54807","thing","Welcome To...","1","100","25","25","25","2018","1,2,3,4,5,6,7,8,9,10","3,4","10+","No necessary in-game text","","","","","","standalone","","","","","","","","","","A2","2024-09-12","","","",""
"Welcome To...: Ice Cream Truck & Outbreak Thematic Neighborhoods","272257","0","0","0","1","0","0","0","0","0","0","0","3","BoardGameBliss","","","","","65599435","5.83299","7.24733","2.1","0","2662","thing","Welcome To...: Ice Cream Truck & Outbreak Thematic Neighborhoods","1","50","25","25","25","2019","1,2,3,4,5,6","1,2,3,4,5,6","8+","","","","","","","expansion","","","","","","","","","","","","","","",""
"The White Castle","371942","8","1","0","1","0","0","0","0","0","0","0","3","LaPioche","","","","","110732201","7.68834","7.97926","3.0592","70","40322","thing","The White Castle","1","4","80","80","80","2023","1,2,3,4","3","12+","No necessary in-game text","","","","","","standalone","","","","","","","","","","E7","2024-09-12","Devir","Catalan; English; Italian; Portuguese; Spanish","2023","CA/EN/IT/PT/ES edition 2023"
"The White Castle: Matcha","420321","0","0","0","1","0","0","0","0","0","0","0","3","401Games","","","","","121011015","6.86994","8.38216","3.2727","0","10884","thing","The White Castle: Matcha","1","4","110","110","90","2024","1,2,3,4","2,3","10+","No necessary in-game text","","","","","","expansion","","","","","","","","","","","","Devir","Catalan; English; Italian; Portuguese; Spanish","2024","CA/EN/IT/PT/ES edition 2024"
"Windmill Valley","403441","7.5","0","0","1","0","0","0","0","0","0","0","3","BGBliss","","","","","113121149","6.81615","7.69642","3.0683","738","7049","thing","Windmill Valley","1","4","90","90","45","2024","1,2,3,4","3","12+","No necessary in-game text","","","","","","standalone","","","","","","","","","","","","Board&Dice","English","2024","English edition"
"Windmill Valley: Blooming Sails","434507","0","0","0","1","0","0","0","0","0","0","0","3","","","","","","142804979","5.63969","8.09485","3","0","1176","thing","Windmill Valley: Blooming Sails","1","4","90","90","45","2025","1,3","3","","","","","","","","expansion","","","","","","","","","","","","Pixie Games","French","2025","French edition"
"Windmill Valley: Blooming Sails Promo","457034","0","0","0","1","0","0","0","0","0","0","0","3","","","","","","142555848","0","7.5","0","0","99","thing","Windmill Valley: Blooming Sails Promo","1","4","90","90","45","2025","","","","","","","","","","expansion","","","","","","","","","","","","Board&Dice","English","2025","English edition"
"Windmill Valley: New Wheel Enhancements","422631","0","0","0","1","0","0","0","0","0","0","0","3","","","","","","123108361","5.58464","7.57708","3","0","958","thing","Windmill Valley: New Wheel Enhancements","1","4","0","0","0","2024","2,3,4","3,4","10","","","","","","","expansion","","","","","","","","","","","","Board&Dice","(neutral)","2024","English edition"
"Wingspan","266192","8","22","0","1","0","0","0","0","0","0","0","4","BoardGameBliss","","","","","56335289","7.84476","7.99786","2.4813","38","181507","thing","Wingspan","1","5","70","70","40","2019","1,2,3,4","3","10+","Extensive use of text - massive conversion needed to be playable","","","","","","standalone","","","","","","","","","","20X5","2024-09-09","Matagot","French","2019","French edition"
"Wingspan: European Expansion","290448","0","0","0","1","0","0","0","0","0","0","0","1","BoardGameBliss","","","","","66207436","7.9245","8.32641","2.4313","0","62259","thing","Wingspan: European Expansion","1","5","70","70","40","2019","1,2,3,4,5","3","10+","Extensive use of text - massive conversion needed to be playable","","","","","","expansion","","","","","","","","","","","","","","",""
"Wingspan: Extension Océanie","300580","0","0","0","1","0","0","0","0","0","0","0","3","BoardGameBliss","","","","","74877893","7.92126","8.44857","2.6684","0","50987","thing","Wingspan: Oceania Expansion","1","5","70","70","40","2020","1,2,3,4,5","3","10+","Extensive use of text - massive conversion needed to be playable","","","","","","expansion","","","","","","","","","","B3","2021-07-11","Matagot","French","2020","French edition"
"Witchstone","318560","7","0","0","1","0","0","0","0","0","0","0","3","401Games","","","","","87986764","6.74171","7.48908","2.7692","846","7627","thing","Witchstone","2","4","90","90","60","2021","2,3,4","3","12+","No necessary in-game text","","","","","","standalone","","","","","","","","","","B5","","HUCH!; Atalia; R&R Games","English; French; German","2021","EN/FR/DE edition 2021"
"Wonderland's War","227935","7.8","0","0","1","0","0","0","0","0","0","0","3","Kickstarter/Late Pledge","","","","","101425617","7.50425","8.03748","3.0348","132","17088","thing","Wonderland's War","2","5","125","125","45","2022","3,4,5","4","12+","Moderate in-game text - needs crib sheet or paste ups","","","","","","standalone","","","","","","","","","","F","2024-09-12","","","",""
"Wondrous Creatures","400366","0","0","0","1","0","0","0","0","0","0","0","3","","","","","","132136272","7.29959","8.05492","3.0265","238","12092","thing","Wondrous Creatures","1","4","80","80","40","2024","1,2,3","2,3","12+","Moderate in-game text - needs crib sheet or paste ups","","","","","","standalone","","","","","","","","","","","","Super Meeple","French","2024","French edition"
"World Wonders","365258","0","5","0","1","0","0","0","0","0","0","0","3","","","","","","113482327","7.02312","7.60321","2.2579","478","11893","thing","World Wonders","1","5","70","70","50","2024","1,2,3,4","3","10+","No necessary in-game text","","","","","","standalone","","","","","","","","","","","","MeepleBR; MUNDUS; Super Meeple","French","2024","French edition"
"World Wonders: Mundo Extension","406746","0","0","0","1","0","0","0","0","0","0","0","3","","","","","","143791654","6.03797","8.05924","2.3","0","3824","thing","World Wonders: Mundo Wonders Pack","1","5","70","70","50","2024","1,2,3,4,5","1,2,3","10+","No necessary in-game text","","","","","","expansion","","","","","","","","","","","","MeepleBR; MUNDUS; Super Meeple","French","2024","French edition"
"Wyrmspan","410201","7.8","5","0","1","0","0","0","0","0","0","0","3","La Pioche","","","","","115429859","7.5354","7.95335","2.8269","124","34451","thing","Wyrmspan","1","5","90","90","90","2024","1,2,3,4","3","12+","Moderate in-game text - needs crib sheet or paste ups","","","","","","standalone","","","","","","","","","","B4","2024-09-12","Matagot; Stonemaier Games","French","2024","French edition"
"Yahtzee","2243","0","0","0","1","0","0","0","0","0","0","0","3","","","","","","11656932","5.49951","5.559","1.174","25997","35464","thing","Yahtzee","2","10","30","30","30","1956","2,3,4,5,6","3,4","6+","No necessary in-game text","","","","","","standalone","","","","","","","","","","Méliane","","","","",""
"Yamataï","213893","7","0","0","1","0","0","0","0","0","0","0","3","","","","","","39985709","6.72593","7.16627","2.9681","869","9980","thing","Yamataï","2","4","80","80","40","2017","2,3,4","2","12+","No necessary in-game text","","","","","","standalone","","","","","","","","","","B5","2021-07-11","","","",""
"Yokohama","196340","9","3","0","1","0","0","0","0","0","0","0","3","","","","","","145362486","7.43889","7.78839","3.2725","156","19500","thing","Yokohama","2","4","90","90","90","2024","2,3,4","3","12+","Some necessary text - easily memorized or small crib sheet","","","","","","standalone","","","","","","","","","","","","Synapses Games","French","2024","Synapses Games French edition"
"Yspahan: The Souks","149959","0","0","0","1","0","0","0","0","0","0","0","3","","","","","","114384553","5.57313","7.18629","2.75","0","537","thing","Yspahan: The Souks","2","4","0","0","0","2009","2,3,4","3,4","","No necessary in-game text","","","","","","expansion","","","","","","","","","","","","Rio Grande Games; Ystari Games","English; French; German","2009","English/German/French edition"
"Zenith","424219","0","0","0","1","0","0","0","0","0","0","0","3","BGBliss","","","","","141487849","6.92516","7.97309","2.3363","595","5519","thing","Zenith","2","4","35","35","25","2025","2,4","2","12+","No necessary in-game text","","","","","","standalone","","","","","","","","","","","","PlayPunk","English","2025","English edition"
"Zhanguo: The First Empire","381819","0","0","0","1","0","0","0","0","0","0","0","3","","","","","","122939892","6.37971","7.95467","3.8265","1640","3129","thing","Zhanguo: The First Empire","1","4","120","120","60","2023","1,2,3,4","3","14+","No necessary in-game text","","","","","","standalone","","","","","","","","","","","","Hachette Boardgames USA; Sorry We Are French","English; French","2023","English/French edition"
"Zombie Dice","62871","0","2","0","1","0","0","0","0","0","0","0","1","","","","","","16227995","6.07745","6.22917","1.0923","2779","38022","thing","Zombie Dice","2","99","20","20","10","2010","2,3,4,5,6,7,8","4,5","6+","No necessary in-game text","","","","","","standalone","","","","","","","","","","A4","2021-07-11","","","",""
"스플렌더: Pokémon (Splendor: Pokémon)","406291","0","1","0","1","0","0","0","0","0","0","0","3","","","","","","115643466","6.50853","7.92129","1.8333","1309","3859","thing","스플렌더: Pokémon (Splendor: Pokémon)","2","4","30","30","30","2023","2,3,4","3","8+","No necessary in-game text","","","","","","standalone","","","","","","","","","","","","Space Cowboys","Korean","2023","Korean edition"
"탐험가들","368413","0","1","0","1","0","0","0","0","0","0","0","3","BGBliss","","","","","103126894","5.69744","7.17246","1.875","6369","567","thing","Relic Hunters","1","4","50","50","50","2022","2,3,4","3","8+","No necessary in-game text","","","","","","standalone","","","","","","","","","","","","Korea Boardgames","English; Korean","2022","English/Korean edition"
